user,peak_date,generic_score,hybrid_score,generic_peak_score,hybrid_rank,generic_rank,top_reasons
CAH0936,2010-08-18,4.326961312713407,3.5071823111954004,4.326961312713407,1,2,usb_file_count=15 (z=7.59); after_hours_device_count=7 (z=10.00); usb_executable_count=1 (z=6.00)
BDV0168,2010-08-03,4.3683330484005225,3.175887083043909,4.3683330484005225,2,1,usb_file_count=21 (z=8.58); after_hours_device_count=8 (z=8.69); after_hours_file_count=21 (z=8.58)
JRG0207,2011-01-20,4.237444219396477,2.9563564321370768,4.237444219396477,3,3,usb_file_count=10 (z=8.00); after_hours_device_count=7 (z=7.28); after_hours_file_count=10 (z=8.00)
KLH0596,2011-02-07,4.1791051061844495,2.915654725244965,4.1791051061844495,4,4,usb_file_count=26 (z=7.60); after_hours_logon_count=1 (z=7.68); after_hours_device_count=9 (z=7.68)
BTL0226,2010-10-08,4.037154034230742,2.816619093649355,4.037154034230742,5,5,usb_file_count=3 (z=10.00); after_hours_file_count=3 (z=10.00); file_count=3 (z=10.00)
MAR0955,2011-02-15,3.384001086472271,2.8075092317172015,3.384001086472271,6,21,usb_file_count=24 (z=7.68); job_site_count=1 (z=7.68); after_hours_device_count=5 (z=6.38)
RKD0604,2010-07-15,4.009550685690361,2.797360943504903,4.009550685690361,7,6,usb_file_count=22 (z=7.22); after_hours_device_count=9 (z=7.35); after_hours_file_count=22 (z=7.22)
MCF0600,2010-09-24,3.3082657938539306,2.7964645073399517,3.3082657938539306,8,24,usb_file_count=27 (z=7.68); usb_executable_count=1 (z=6.00); after_hours_device_count=8 (z=6.50)
RSC0089,2010-11-20,2.9466951746294447,2.788975064495271,2.9466951746294447,9,37,usb_executable_count=1 (z=7.68); after_hours_file_count=10 (z=10.00); after_hours_device_count=9 (z=7.42)
AHD0848,2011-01-02,3.9627868286383934,2.7647349967244605,3.9627868286383934,10,7,after_hours_device_count=2 (z=10.00); after_hours_http_count=4 (z=10.00); external_attachment_email_count=1 (z=5.39)
MAS0025,2010-09-28,3.9447111803482007,2.7521240793126984,3.9447111803482007,11,8,usb_file_count=20 (z=8.26); after_hours_logon_count=1 (z=7.68); after_hours_device_count=4 (z=6.89)
WDD0366,2011-02-28,3.919752496332389,2.7347110439528293,3.919752496332389,12,9,usb_file_count=4 (z=10.00); after_hours_file_count=4 (z=10.00); file_count=4 (z=10.00)
BIH0745,2010-07-02,3.9093194765393506,2.727432192934431,3.9093194765393506,13,10,usb_file_count=13 (z=7.68); after_hours_logon_count=1 (z=7.68); after_hours_device_count=3 (z=7.68)
GHL0460,2010-11-12,3.886217479960831,2.7113145209029055,3.886217479960831,14,11,usb_file_count=19 (z=7.33); after_hours_device_count=6 (z=8.56); after_hours_file_count=19 (z=7.33)
QJR0688,2010-05-30,3.8757803066830916,2.7040327721044823,3.8757803066830916,15,12,after_hours_logon_count=2 (z=10.00); after_hours_device_count=2 (z=10.00); after_hours_file_count=9 (z=10.00)
DCH0843,2011-01-29,3.865706118789761,2.697004268923089,3.865706118789761,16,13,usb_file_count=11 (z=8.30); after_hours_logon_count=1 (z=7.68); after_hours_device_count=5 (z=7.06)
LJR0523,2010-07-29,3.819410783452478,2.664705197757543,3.819410783452478,17,14,usb_file_count=3 (z=6.00); after_hours_logon_count=1 (z=6.00); after_hours_device_count=2 (z=6.00)
TAP0551,2010-11-02,3.6734148977614267,2.656173287435592,3.6734148977614267,18,15,usb_file_count=11 (z=7.96); after_hours_device_count=2 (z=7.04); after_hours_file_count=11 (z=7.96)
BBS0422,2010-11-20,2.872955372388803,2.5962746548200575,2.9714141987522846,19,36,after_hours_device_count=2 (z=10.00); after_hours_file_count=5 (z=10.00); job_site_count=3 (z=7.75)
MPT0376,2010-04-17,3.498278290458355,2.5374163417251645,3.498278290458355,20,17,after_hours_file_count=4 (z=10.00); after_hours_logon_count=2 (z=7.68); after_hours_device_count=1 (z=7.68)
HJB0742,2010-11-16,3.3884688851482316,2.524499377949533,3.3884688851482316,21,19,usb_file_count=3 (z=6.00); after_hours_logon_count=1 (z=6.00); after_hours_device_count=3 (z=6.00)
AJR0932,2010-09-16,3.580323087044935,2.497899828170885,3.580323087044935,22,16,usb_file_count=23 (z=7.58); after_hours_device_count=9 (z=7.68); after_hours_file_count=23 (z=7.58)
MSO0222,2010-12-09,2.7113010833768136,2.481646053512517,2.7113010833768136,23,47,usb_file_count=1 (z=6.00); usb_executable_count=1 (z=6.00); after_hours_device_count=1 (z=6.00)
JLM0364,2011-04-28,2.105478768076783,2.445682861448918,2.105478768076783,24,87,usb_file_count=1 (z=6.00); keylogger_site_count=1 (z=6.00); usb_executable_count=1 (z=6.00)
MYD0978,2010-12-08,3.4108393948764717,2.3796553917742824,3.4108393948764717,25,18,usb_file_count=15 (z=6.00); after_hours_logon_count=1 (z=6.00); after_hours_device_count=4 (z=6.00)
MGS0974,2011-04-30,3.1020193275802583,2.3796123100319937,3.1020193275802583,26,28,usb_file_count=7 (z=4.92); after_hours_device_count=1 (z=6.00); after_hours_file_count=7 (z=6.00)
FTM0406,2010-11-22,3.386770050194613,2.362862825717172,3.386770050194613,27,20,usb_file_count=20 (z=6.00); after_hours_logon_count=1 (z=6.00); after_hours_device_count=8 (z=6.00)
FMG0527,2010-12-30,3.361384105038091,2.3451517011893657,3.361384105038091,28,22,usb_file_count=11 (z=6.00); after_hours_logon_count=1 (z=6.00); after_hours_device_count=5 (z=6.00)
HFB0347,2010-06-05,2.878588672347316,2.3241955127885627,2.878588672347316,29,41,after_hours_device_count=2 (z=6.00); job_site_count=2 (z=5.43); after_hours_logon_count=1 (z=5.39)
LIM0674,2011-01-05,3.3242290726392394,2.31922958556226,3.3242290726392394,30,23,usb_file_count=4 (z=7.98); after_hours_device_count=1 (z=6.00); file_count=4 (z=7.29)
AAM0658,2010-10-27,3.243926875568649,2.2632047969083597,3.243926875568649,31,25,usb_file_count=9 (z=7.11); after_hours_file_count=9 (z=7.11); after_hours_logon_count=1 (z=5.39)
JMB0308,2010-07-12,3.2210634302665473,2.247253555999917,3.2210634302665473,32,26,usb_file_count=10 (z=6.00); after_hours_device_count=3 (z=6.00); after_hours_file_count=8 (z=6.00)
GCL0016,2011-01-01,2.5205795568798233,2.246915969916156,3.09803585190123,33,29,usb_executable_count=1 (z=6.00); after_hours_file_count=5 (z=7.68); after_hours_device_count=2 (z=5.14)
JTM0223,2010-07-22,2.517687233786027,2.2448980700832744,2.517687233786027,34,56,usb_file_count=1 (z=6.00); usb_executable_count=1 (z=6.00); after_hours_device_count=1 (z=6.00)
LQC0479,2010-09-14,3.0907647261839055,2.242799874770306,3.0907647261839055,35,31,usb_file_count=22 (z=6.00); after_hours_logon_count=2 (z=6.00); after_hours_device_count=7 (z=6.00)
PNH0761,2011-02-25,2.507505606528073,2.2377946092056327,2.507505606528073,36,58,usb_executable_count=1 (z=6.00); after_hours_device_count=1 (z=6.00); after_hours_file_count=2 (z=6.00)
BLS0678,2010-09-17,3.1696493295367376,2.211383253165166,3.1696493295367376,37,27,usb_file_count=5 (z=6.00); after_hours_logon_count=1 (z=6.00); after_hours_device_count=2 (z=6.00)
NGC0058,2011-03-05,3.0977275101845145,2.161205239663615,3.0977275101845145,38,30,usb_file_count=8 (z=6.16); after_hours_device_count=1 (z=7.68); after_hours_file_count=8 (z=6.00)
ILJ0526,2010-04-17,3.0754630523730566,2.1456718970044584,3.0754630523730566,39,32,after_hours_logon_count=2 (z=10.00); after_hours_file_count=7 (z=10.00); after_hours_device_count=1 (z=7.68)
EHB0824,2010-07-20,3.0362376052494553,2.118305305987992,3.0362376052494553,40,33,usb_file_count=14 (z=6.00); after_hours_logon_count=1 (z=6.00); after_hours_device_count=9 (z=6.00)
AHM0410,2010-05-22,3.0327084504077617,2.1158431049356476,3.0327084504077617,41,34,after_hours_device_count=1 (z=7.68); after_hours_logon_count=2 (z=7.68); after_hours_file_count=7 (z=8.22)
MCD0125,2010-03-27,2.3316595083870757,2.1151112849212157,2.3316595083870757,42,71,usb_executable_count=1 (z=6.00); after_hours_file_count=13 (z=10.00); after_hours_device_count=1 (z=7.68)
EHD0584,2010-10-01,3.009174489610817,2.0994240625191747,3.009174489610817,43,35,usb_file_count=7 (z=6.00); after_hours_logon_count=1 (z=6.00); after_hours_device_count=1 (z=6.00)
BJM0111,2011-03-06,2.7202555662398,2.0982598064793483,2.7202555662398,44,46,after_hours_device_count=8 (z=8.69); after_hours_file_count=21 (z=7.37); after_hours_http_count=1 (z=7.68)
RUM0880,2011-03-01,2.4680456715953096,2.0766864290756195,2.4680456715953096,45,60,after_hours_device_count=2 (z=10.00); after_hours_file_count=10 (z=8.00); usb_executable_count=1 (z=4.36)
ATP0662,2011-01-15,2.605474464347792,2.074075753566093,2.605474464347792,46,52,after_hours_file_count=6 (z=10.00); after_hours_device_count=1 (z=7.68); leak_site_count=1 (z=3.15)
IBS0836,2010-05-08,2.9372170411834237,2.049221191523319,2.9372170411834237,47,38,after_hours_device_count=2 (z=8.64); external_attachment_email_count=1 (z=5.39); after_hours_file_count=4 (z=6.55)
FOB0756,2010-05-02,2.9360600265480024,2.048413972010234,2.9360600265480024,48,39,usb_file_count=5 (z=5.86); after_hours_device_count=1 (z=7.68); after_hours_file_count=5 (z=6.00)
RAB0589,2010-09-11,2.915831624764593,2.0343011335566925,2.915831624764593,49,40,usb_file_count=2 (z=6.00); after_hours_logon_count=1 (z=6.00); after_hours_device_count=2 (z=6.00)
HRB0351,2010-08-29,2.6532787228795187,2.029022911851434,2.6532787228795187,50,50,after_hours_device_count=1 (z=7.68); after_hours_file_count=27 (z=8.42); after_hours_logon_count=1 (z=3.15)
NGF0157,2010-05-02,2.8717583504593507,2.0035523375297797,2.8717583504593507,51,42,after_hours_file_count=8 (z=10.00); after_hours_device_count=1 (z=7.68); usb_file_count=8 (z=2.52)
RAW0915,2011-05-07,2.8192692272434745,1.9669320190070754,2.8192692272434745,52,43,after_hours_device_count=2 (z=8.64); after_hours_file_count=4 (z=8.94); after_hours_logon_count=2 (z=6.48)
JGT0221,2010-07-15,2.1081005028134,1.9591398856837676,2.1081005028134,53,86,usb_file_count=1 (z=6.00); usb_executable_count=1 (z=6.00); file_count=1 (z=6.00)
TDS0984,2011-01-30,2.4441126089088425,1.950857837612061,2.4441126089088425,54,62,after_hours_device_count=1 (z=7.68); after_hours_file_count=24 (z=7.68); after_hours_logon_count=2 (z=3.00)
THR0873,2010-12-21,2.783477626220847,1.9419611345726842,2.783477626220847,55,44,after_hours_device_count=2 (z=10.00); after_hours_file_count=14 (z=10.00); after_hours_logon_count=1 (z=5.39)
DMK0257,2010-06-28,1.8725509030944611,1.9316404002412548,2.0734323622427095,56,90,usb_executable_count=1 (z=7.68); after_hours_device_count=2 (z=6.00); after_hours_file_count=9 (z=6.00)
BBS0039,2010-08-12,2.059720398796433,1.9253863247416976,2.059720398796433,57,92,usb_file_count=1 (z=6.00); usb_executable_count=1 (z=6.00); after_hours_device_count=1 (z=6.00)
SBH0537,2011-02-26,2.7379326192450235,1.9101855483104815,2.7379326192450235,58,45,after_hours_device_count=2 (z=6.00); usb_file_count=7 (z=3.46); after_hours_file_count=7 (z=6.00)
JMD0520,2010-10-28,2.6885775703957457,1.8757517932993577,2.6885775703957457,59,48,after_hours_device_count=2 (z=8.64); after_hours_file_count=12 (z=10.00); after_hours_logon_count=1 (z=5.39)
KKW0879,2010-08-01,1.7675846200761285,1.8584081097633485,2.4065314020607733,60,66,leak_site_count=1 (z=7.68); after_hours_device_count=9 (z=5.15); after_hours_file_count=7 (z=5.43)
JDF0593,2010-06-05,2.6534645970240827,1.851254370016802,2.6534645970240827,61,49,after_hours_device_count=9 (z=6.17); after_hours_file_count=5 (z=6.00); after_hours_email_count=1 (z=7.68)
PPF0435,2011-02-02,2.1732541888570767,1.8429249034259565,2.630082334369245,62,51,after_hours_device_count=9 (z=8.06); after_hours_logon_count=1 (z=7.68); job_site_count=3 (z=5.62)
BAJ0654,2010-09-27,2.0872119367294175,1.8109884745180207,2.129438379826409,63,84,usb_executable_count=1 (z=4.36); after_hours_device_count=1 (z=6.00); after_hours_file_count=25 (z=7.36)
HRL0540,2010-06-17,0.7690961715536334,1.7869977995741688,1.4559178557804844,64,159,leak_site_count=1 (z=7.68); usb_executable_count=1 (z=7.68); after_hours_device_count=3 (z=1.38)
NMS0280,2010-12-19,2.560957947989079,1.7867148474342414,2.560957947989079,65,53,after_hours_device_count=1 (z=7.68); usb_file_count=6 (z=4.06); after_hours_file_count=6 (z=6.00)
BWP0202,2010-04-05,2.5570628738323875,1.7839973538365494,2.5570628738323875,66,54,after_hours_device_count=1 (z=6.00); after_hours_file_count=9 (z=6.00); usb_file_count=9 (z=2.99)
RGG0064,2010-10-18,2.529589366740882,1.7648297907494526,2.529589366740882,67,55,usb_file_count=12 (z=6.00); after_hours_device_count=3 (z=6.00); after_hours_file_count=12 (z=6.00)
VFM0814,2010-01-22,2.517355547327933,1.756294567903209,2.517355547327933,68,57,usb_file_count=5 (z=10.00); file_count=5 (z=10.00); unique_file_count=5 (z=10.00)
CLB0774,2010-06-21,2.0075355405242354,1.7494434003657455,2.151215266112367,69,81,after_hours_device_count=3 (z=6.86); job_site_count=1 (z=6.00); after_hours_file_count=10 (z=6.70)
SBN0866,2010-08-04,2.5019477825328025,1.7455449645577692,2.5019477825328025,70,59,after_hours_logon_count=1 (z=7.68); after_hours_device_count=1 (z=6.00); after_hours_file_count=2 (z=6.00)
FKK0055,2011-01-09,2.4550597542411055,1.7128323866798412,2.4550597542411055,71,61,after_hours_file_count=8 (z=9.60); usb_file_count=8 (z=3.75); after_hours_device_count=1 (z=4.36)
SBN0971,2010-09-25,1.8191675439349506,1.7075140265818438,2.284005290536108,72,72,usb_executable_count=1 (z=5.39); after_hours_file_count=10 (z=4.79); after_hours_device_count=1 (z=3.74)
HAD0246,2011-01-22,2.4279297299738882,1.6939044627724802,2.4279297299738882,73,63,after_hours_file_count=6 (z=10.00); after_hours_device_count=3 (z=7.75); usb_file_count=6 (z=3.21)
MOH0273,2010-05-01,2.4197152118533336,1.688173403618605,2.4197152118533336,74,64,after_hours_device_count=8 (z=5.56); after_hours_logon_count=1 (z=5.39); after_hours_email_count=5 (z=7.86)
AJD0074,2010-05-22,2.411074106354159,1.6821447253633668,2.411074106354159,75,65,after_hours_file_count=2 (z=10.00); after_hours_device_count=2 (z=7.68); after_hours_email_count=7 (z=3.71)
CSC0217,2010-06-10,1.703764438339073,1.6770449569807486,1.703764438339073,76,127,usb_file_count=1 (z=6.00); usb_executable_count=1 (z=6.00); file_count=1 (z=6.00)
IIW0249,2010-07-17,1.9659784167441845,1.6761663571170773,2.277189482888614,77,73,after_hours_file_count=5 (z=10.00); leak_site_count=1 (z=3.74); after_hours_device_count=8 (z=2.93)
HPH0075,2011-02-26,1.2446795204666967,1.6741967166243064,1.8198884184306996,78,112,leak_site_count=2 (z=8.64); after_hours_logon_count=2 (z=3.06); after_hours_device_count=7 (z=2.59)
JCR0172,2011-01-15,2.385886108903935,1.6645717038864662,2.385886108903935,79,67,after_hours_device_count=1 (z=6.00); after_hours_file_count=6 (z=6.00); after_hours_logon_count=2 (z=4.08)
MLM0950,2010-09-19,2.384633459913264,1.663697762730184,2.384633459913264,80,68,external_attachment_email_count=1 (z=5.39); after_hours_email_count=1 (z=7.68); after_hours_device_count=3 (z=3.57)
RLG0856,2010-05-10,2.3701783399989256,1.6536127953480877,2.3701783399989256,81,69,after_hours_device_count=1 (z=6.00); after_hours_file_count=6 (z=6.00); after_hours_logon_count=1 (z=4.36)
JDC0030,2010-04-11,2.370090475088967,1.6535514942481164,2.370090475088967,82,70,after_hours_device_count=2 (z=10.00); after_hours_file_count=7 (z=7.61); usb_file_count=7 (z=2.35)
AJN0607,2010-04-28,0.7085914022524024,1.6079477252351675,0.8823186196903147,83,444,leak_site_count=1 (z=7.68); usb_executable_count=1 (z=6.00); external_attachment_email_count=3 (z=1.91)
CCM0136,2011-01-18,1.6032162741920892,1.6068950750177367,1.7193661881066404,84,122,usb_file_count=4 (z=6.55); usb_executable_count=1 (z=6.00); file_count=4 (z=6.55)
CCA0046,2010-10-14,0.973834778246033,1.6061190737756221,1.3640830147536604,85,179,keylogger_site_count=1 (z=6.00); usb_executable_count=1 (z=5.39); after_hours_http_count=1 (z=6.00)
NDM0417,2010-09-02,0.6818426068230687,1.6017204129412748,0.9073301227535077,86,434,usb_executable_count=1 (z=7.68); job_site_count=1 (z=5.39); leak_site_count=1 (z=2.31)
ESJ0670,2011-02-26,2.268074530106689,1.5823775791442016,2.268074530106689,87,74,after_hours_device_count=2 (z=10.00); after_hours_file_count=23 (z=7.68); usb_file_count=23 (z=2.06)
JHP0583,2011-01-15,2.251042768978104,1.5704949551010026,2.251042768978104,88,75,external_attachment_email_count=1 (z=7.68); after_hours_logon_count=3 (z=2.98); after_hours_file_count=4 (z=3.59)
NAF0326,2010-01-31,1.641775168852811,1.5683671754664545,1.641775168852811,89,133,usb_executable_count=1 (z=5.20); after_hours_file_count=11 (z=4.52); after_hours_device_count=3 (z=3.20)
LBF0214,2011-01-29,1.3351044558273226,1.5566777626130188,1.5807636089881356,90,138,usb_executable_count=1 (z=7.68); after_hours_device_count=4 (z=3.94); after_hours_file_count=9 (z=2.93)
EMW0772,2010-06-14,1.5306007649082585,1.5562330917964595,1.547535018711848,91,143,usb_executable_count=1 (z=6.00); usb_file_count=3 (z=4.18); external_attachment_email_count=1 (z=3.00)
GZC0735,2010-04-10,2.2300192047319882,1.5558273521385966,2.2300192047319882,92,76,after_hours_device_count=1 (z=6.00); after_hours_file_count=2 (z=6.00); after_hours_logon_count=2 (z=4.36)
BVC0790,2010-04-18,1.5221042029859337,1.550305257897163,2.022766502104233,93,95,usb_executable_count=1 (z=6.00); after_hours_device_count=4 (z=3.82); after_hours_file_count=7 (z=3.94)
IKP0472,2011-03-26,1.580005982826613,1.5406571234830038,1.8173551898618747,94,114,usb_executable_count=1 (z=5.39); after_hours_file_count=8 (z=5.17); usb_file_count=8 (z=1.97)
HWW0436,2010-09-27,2.1908782454419145,1.528519706122266,2.1908782454419145,95,77,after_hours_device_count=1 (z=6.00); after_hours_http_count=2 (z=10.00); after_hours_logon_count=1 (z=5.39)
BRB0355,2010-07-17,2.1822422297522395,1.5224945788969115,2.1822422297522395,96,78,after_hours_file_count=6 (z=8.56); usb_file_count=6 (z=2.08); external_attachment_email_count=3 (z=2.59)
PMV0850,2010-01-20,2.1799179354305656,1.5208729782073713,2.1799179354305656,97,79,after_hours_file_count=8 (z=10.00); usb_file_count=8 (z=3.73); after_hours_device_count=1 (z=3.87)
CHM0821,2010-09-16,1.4780113523516059,1.5195428039662366,1.9004436384133392,98,105,usb_executable_count=1 (z=6.00); after_hours_file_count=4 (z=10.00); after_hours_device_count=1 (z=6.00)
EIS0041,2010-05-06,0.7678513743024743,1.5157138988141095,1.1196461757887173,99,285,leak_site_count=1 (z=7.68); usb_executable_count=1 (z=4.36); usb_file_count=18 (z=1.19)
CQH0701,2010-11-03,2.163839622809627,1.509655550797414,2.163839622809627,100,80,usb_file_count=8 (z=5.83); external_attachment_email_count=1 (z=5.39); file_count=8 (z=5.83)
CCC0393,2010-04-30,1.512612606684444,1.5018893620977871,1.512612606684444,101,148,job_site_count=1 (z=7.68); after_hours_http_count=2 (z=10.00); external_attachment_email_count=2 (z=4.95)
RHO0732,2010-03-05,2.1467545645212414,1.4977357426892381,2.1467545645212414,102,82,after_hours_device_count=2 (z=10.00); after_hours_file_count=5 (z=6.00); after_hours_logon_count=1 (z=2.05)
FFC0891,2010-03-01,2.1434516873110927,1.495431409751925,2.1434516873110927,103,83,after_hours_file_count=6 (z=10.00); after_hours_device_count=1 (z=7.42); after_hours_logon_count=1 (z=4.20)
SCP0130,2010-06-03,1.2367043731054534,1.488026542109389,1.265772617438564,104,210,usb_executable_count=1 (z=7.68); external_attachment_email_count=2 (z=7.04); external_email_count=3 (z=2.67)
ATE0869,2011-02-13,2.1270209126789434,1.4839680786132163,2.1270209126789434,105,85,after_hours_file_count=7 (z=7.74); after_hours_device_count=1 (z=4.36); usb_file_count=7 (z=2.69)
XAA0104,2011-01-04,1.149486815547841,1.4780553926242233,1.442410522709524,106,162,usb_executable_count=1 (z=6.00); usb_file_count=4 (z=3.51); leak_site_count=1 (z=2.31)
BRS0734,2010-04-10,1.6715356052778458,1.4707411398149808,1.6800973356352362,107,129,usb_executable_count=1 (z=3.74); after_hours_device_count=2 (z=4.37); after_hours_logon_count=1 (z=3.74)
GNS0178,2010-07-22,2.104357937038924,1.4681567002597145,2.104357937038924,108,88,after_hours_device_count=1 (z=6.00); after_hours_file_count=24 (z=6.00); after_hours_logon_count=1 (z=3.74)
OBH0499,2010-03-07,1.418842159656936,1.4677854455002552,1.8510277221078948,109,107,job_site_count=3 (z=8.22); after_hours_file_count=3 (z=5.61); after_hours_device_count=9 (z=2.26)
ESH0283,2010-06-28,0.7565109327380967,1.4660988399423094,1.0843568481218009,110,312,usb_executable_count=1 (z=7.68); job_site_count=1 (z=5.39); usb_file_count=18 (z=1.82)
IEB0153,2010-07-04,1.6009707437847995,1.4657935421754416,1.6009707437847995,111,135,after_hours_logon_count=1 (z=7.68); after_hours_email_count=2 (z=10.00); job_site_count=1 (z=6.00)
ELB0847,2010-02-17,1.5996225914626292,1.4648529707878808,1.5996225914626292,112,136,after_hours_logon_count=1 (z=6.00); job_site_count=1 (z=6.00); external_email_size=30416 (z=6.62)
HDH0928,2010-07-16,1.1950416703942912,1.4589595402178805,1.7734345333835397,113,116,usb_executable_count=1 (z=7.68); after_hours_device_count=1 (z=6.00); after_hours_file_count=2 (z=4.71)
PAD0773,2010-12-08,1.0352309316073491,1.4559488879281306,1.5126686469120685,114,147,usb_executable_count=1 (z=7.68); usb_file_count=27 (z=3.03); file_count=27 (z=3.03)
BMG0917,2010-10-01,2.0824281755843805,1.4528568666867774,2.0824281755843805,115,89,external_attachment_email_count=2 (z=10.00); after_hours_logon_count=1 (z=3.74); after_hours_device_count=1 (z=3.01)
IBB0696,2010-08-17,1.1860759468116782,1.4527043842300111,1.4118184070504494,116,166,usb_executable_count=1 (z=7.68); external_attachment_email_count=1 (z=5.39); external_email_size=30242 (z=3.04)
ICH0294,2010-11-03,1.0692957095895756,1.4495942581128018,1.4598530964016414,117,157,usb_executable_count=2 (z=8.64); external_attachment_email_count=1 (z=4.36); external_email_count=1 (z=3.00)
HVF0067,2010-03-10,0.6059211897657554,1.4424584306498471,0.8286441505816392,118,486,job_site_count=2 (z=10.00); usb_executable_count=1 (z=5.39); external_attachment_email_count=2 (z=1.85)
ZJE0857,2010-11-06,2.0628187295307967,1.4391758578121838,2.0628187295307967,119,91,after_hours_logon_count=2 (z=10.00); after_hours_email_count=9 (z=9.11); after_hours_http_count=5 (z=7.06)
KMB0922,2011-05-06,1.1646379406700227,1.4377476357590886,2.0001620608097106,120,97,usb_executable_count=1 (z=7.68); after_hours_logon_count=1 (z=3.32); usb_file_count=11 (z=2.15)
AOK0844,2010-02-27,1.1946242039789625,1.4371028098652023,1.5722784985951925,121,142,usb_executable_count=1 (z=7.42); after_hours_device_count=2 (z=2.71); after_hours_logon_count=3 (z=2.36)
WIQ0567,2011-04-03,1.8283447276198903,1.4364338119429416,1.8283447276198903,122,111,after_hours_device_count=3 (z=5.78); after_hours_file_count=8 (z=5.22); after_hours_logon_count=2 (z=2.18)
SAA0999,2011-01-05,2.0586057592425906,1.436236576215761,2.0586057592425906,123,93,after_hours_device_count=1 (z=7.68); after_hours_email_count=5 (z=10.00); external_attachment_email_count=4 (z=3.21)
BDI0533,2011-03-13,1.162195591045833,1.4360436709050028,1.5741729646238485,124,140,usb_executable_count=1 (z=7.68); after_hours_logon_count=2 (z=2.76); after_hours_file_count=8 (z=2.76)
ABC0174,2010-11-20,2.0549871166795257,1.4337119418694366,2.0549871166795257,125,94,after_hours_device_count=4 (z=7.29); after_hours_logon_count=2 (z=3.74); after_hours_email_count=11 (z=4.83)
IJM0444,2010-08-20,1.546205176625299,1.4335418977011938,1.5933305675947789,126,137,after_hours_logon_count=1 (z=7.68); usb_executable_count=1 (z=4.36); after_hours_http_count=2 (z=6.00)
RRC0553,2010-02-20,1.3343592081844167,1.4193203778030814,1.7084501529115883,127,124,leak_site_count=2 (z=6.00); after_hours_device_count=2 (z=3.46); after_hours_logon_count=2 (z=2.84)
BRM0995,2011-05-10,1.1305349672946798,1.4139548636367563,1.7393259475462115,128,120,leak_site_count=1 (z=7.68); usb_file_count=7 (z=2.22); after_hours_file_count=2 (z=2.60)
KBG0549,2011-05-09,1.3266657944592222,1.4139528798552712,1.4242771949468416,129,164,usb_executable_count=1 (z=6.00); usb_file_count=9 (z=4.07); file_count=9 (z=4.07)
FEB0306,2010-11-18,1.1214502922318628,1.4076167182440933,1.5263827759892277,130,146,usb_executable_count=1 (z=7.68); external_attachment_email_count=1 (z=3.32); usb_file_count=11 (z=1.80)
AIP0982,2010-10-01,0.6782667012232134,1.402497433391212,0.8994776732925164,131,437,usb_executable_count=1 (z=5.39); job_site_count=3 (z=5.00); leak_site_count=1 (z=2.46)
RDT0424,2010-01-26,0.8482125439713588,1.398733868808557,1.0608735922059633,132,329,leak_site_count=3 (z=6.64); job_site_count=1 (z=4.58); usb_file_count=4 (z=1.71)
AJH0175,2010-11-11,1.0502762584300462,1.3984547312513658,1.798501594613266,133,115,usb_executable_count=1 (z=7.68); usb_file_count=6 (z=3.02); file_count=6 (z=3.02)
WXH0872,2010-05-18,2.0042040163556196,1.3982818718760137,2.0042040163556196,134,96,after_hours_logon_count=1 (z=6.00); after_hours_device_count=2 (z=6.00); after_hours_file_count=4 (z=6.00)
CAA0612,2010-03-26,0.7352155203461157,1.39784666988432,1.310901020249968,135,191,job_site_count=1 (z=7.68); usb_executable_count=1 (z=5.39); usb_file_count=11 (z=1.99)
AMR0318,2011-01-26,1.301618677299083,1.3964781469528487,1.9419008298522733,136,100,usb_executable_count=1 (z=6.00); usb_file_count=9 (z=5.03); file_count=9 (z=5.03)
NOB0181,2011-02-27,1.1013419629579042,1.3935876513087735,1.7545951301268714,137,119,usb_executable_count=1 (z=7.68); after_hours_file_count=8 (z=2.65); external_attachment_email_count=1 (z=2.07)
LRR0148,2010-08-29,1.9970257020857007,1.3932737456411868,1.9970257020857007,138,98,after_hours_file_count=6 (z=8.87); after_hours_device_count=2 (z=3.85); usb_file_count=6 (z=1.72)
IJM0776,2010-03-29,1.0966001466493616,1.3902794073725808,1.0966001466493616,139,303,usb_executable_count=1 (z=7.68); external_attachment_email_count=2 (z=6.09); usb_file_count=4 (z=1.50)
LCC0819,2010-07-28,1.09225680711783,1.3872491704901169,1.3542772010505824,140,180,usb_executable_count=1 (z=7.68); after_hours_device_count=1 (z=5.39); usb_file_count=5 (z=1.62)
VCC0396,2010-09-15,1.9778497508843331,1.3798951750355812,1.9778497508843331,141,99,after_hours_device_count=1 (z=6.00); after_hours_file_count=1 (z=6.00); after_hours_http_count=2 (z=4.53)
BAL0044,2011-02-18,1.076073697597263,1.3759586289641397,1.2252256045890617,142,224,usb_executable_count=1 (z=7.68); usb_file_count=23 (z=1.71); after_hours_file_count=31 (z=2.57)
ILH0958,2011-04-05,0.9573402351082269,1.371485787544419,1.5749947595368285,143,139,usb_executable_count=2 (z=8.64); usb_file_count=27 (z=2.18); external_email_size=56141 (z=2.43)
RSM0277,2011-04-12,1.090357056690871,1.3521042351080816,1.7078545960779687,144,125,usb_executable_count=1 (z=6.00); usb_file_count=7 (z=3.38); file_count=7 (z=3.22)
NKP0236,2010-11-04,1.0351076937450119,1.3473776960439647,1.4842785164236876,145,152,usb_executable_count=1 (z=7.68); usb_file_count=5 (z=3.58); file_count=5 (z=3.58)
USH0199,2010-09-15,1.927335464673644,1.34465264977231,1.927335464673644,146,101,usb_file_count=6 (z=6.00); file_count=6 (z=6.00); unique_file_count=6 (z=6.00)
IBM0671,2010-12-22,1.0272779092914528,1.3419150557275283,1.2207543203049531,147,227,usb_executable_count=1 (z=7.68); usb_file_count=12 (z=3.03); file_count=12 (z=3.03)
HCL0651,2010-07-08,1.9220758728975769,1.3409831671378445,1.9220758728975769,148,102,after_hours_file_count=8 (z=5.75); usb_file_count=8 (z=2.13); after_hours_http_count=4 (z=4.41)
BEH0615,2011-03-02,1.0245932395860817,1.3400420303516878,1.2407937365650021,149,219,usb_executable_count=1 (z=7.68); usb_file_count=3 (z=4.23); file_count=3 (z=4.23)
FBW0747,2010-07-04,1.660887809490472,1.3383805870603134,1.7049789335559922,150,126,after_hours_logon_count=1 (z=7.68); after_hours_http_count=9 (z=8.52); after_hours_email_count=6 (z=6.47)
QOS0878,2010-01-24,1.9174263417981103,1.3377393082312399,1.9174263417981103,151,103,after_hours_file_count=5 (z=7.43); usb_file_count=3 (z=1.96); after_hours_device_count=3 (z=2.41)
XWD0923,2010-05-20,1.914636095475393,1.3357926247502743,1.914636095475393,152,104,after_hours_device_count=1 (z=7.68); after_hours_file_count=27 (z=9.60); external_attachment_email_count=4 (z=2.53)
KCO0122,2010-11-18,0.8471413178349252,1.3328252766023125,1.2319087177567651,153,223,usb_executable_count=1 (z=6.00); job_site_count=1 (z=4.36); after_hours_file_count=11 (z=3.29)
GCS0571,2010-09-17,1.2089820090085395,1.3318479132617718,1.3766609913773893,154,173,usb_executable_count=1 (z=6.00); usb_file_count=11 (z=4.56); file_count=11 (z=4.56)
KWE0082,2010-12-07,0.7389691421006906,1.3295133549539702,0.7774164796985811,155,525,usb_executable_count=2 (z=10.00); external_attachment_email_count=2 (z=2.24); external_email_count=6 (z=2.23)
ESR0693,2010-04-30,0.6157464953508854,1.3285668914125897,1.0532126710730736,156,333,usb_executable_count=1 (z=7.68); leak_site_count=2 (z=3.36); usb_file_count=10 (z=1.86)
RAM0447,2010-09-26,1.2407588425659253,1.3122239452709137,1.2986986003677308,157,196,job_site_count=1 (z=7.68); external_attachment_email_count=1 (z=4.36); after_hours_logon_count=2 (z=2.35)
VTT0385,2010-11-01,0.8684095439816201,1.3111681869832088,1.0543890196782715,158,332,usb_executable_count=1 (z=7.68); external_attachment_email_count=1 (z=3.32); usb_file_count=4 (z=1.88)
BIS0247,2011-03-25,1.1131072021011674,1.3093506253558103,1.699560787168451,159,128,usb_executable_count=1 (z=6.00); usb_file_count=7 (z=4.09); file_count=7 (z=4.09)
BSS0369,2010-05-18,0.7729449895971526,1.3044135839048363,1.2588307082058885,160,212,usb_executable_count=2 (z=8.64); usb_file_count=19 (z=1.24); external_email_count=6 (z=1.84)
LJT0817,2010-05-11,1.8665688652602093,1.30225734785596,1.8665688652602093,161,106,after_hours_device_count=3 (z=8.95); after_hours_file_count=6 (z=4.07); after_hours_email_count=5 (z=3.48)
BJP0134,2011-05-12,0.9683125892140767,1.3007764603247076,1.4787080511080042,162,154,leak_site_count=1 (z=7.68); external_attachment_email_count=1 (z=4.36); external_email_size=43940 (z=3.06)
AJF0370,2011-02-26,1.7606019836883948,1.2963457484557939,1.7606019836883948,163,117,after_hours_http_count=7 (z=10.00); after_hours_email_count=7 (z=8.94); after_hours_device_count=11 (z=2.58)
GKO0078,2010-05-20,0.7079045356214593,1.2920242055040998,0.842265578165465,164,469,usb_executable_count=1 (z=6.00); leak_site_count=2 (z=3.81); usb_file_count=6 (z=1.46)
HBO0413,2011-01-21,0.2716006457256636,1.2910826948240703,0.7687466067104213,165,532,usb_executable_count=1 (z=7.68); leak_site_count=2 (z=4.39); job_site_count=1 (z=2.05)
CAS0507,2010-11-10,1.8453412474638464,1.2874473819515209,1.8453412474638464,166,108,after_hours_logon_count=1 (z=7.68); after_hours_device_count=1 (z=6.00); after_hours_file_count=24 (z=6.00)
WIF0691,2010-06-03,1.8442777642537047,1.2867054169211893,1.8442777642537047,167,109,after_hours_device_count=8 (z=10.00); after_hours_file_count=21 (z=7.47); after_hours_email_count=1 (z=4.02)
IRM0931,2011-02-20,0.9363000891144417,1.2784421579296135,1.5041671914730783,168,151,usb_executable_count=1 (z=7.68); after_hours_file_count=14 (z=2.84); usb_file_count=14 (z=1.39)
KPC0073,2010-07-07,1.8289844041231353,1.276035630783583,1.8289844041231353,169,110,after_hours_logon_count=1 (z=7.68); after_hours_device_count=1 (z=4.80); after_hours_http_count=1 (z=6.00)
PNL0301,2010-06-16,0.9268328903020429,1.2718371355023583,1.2390047217309539,170,220,usb_executable_count=1 (z=7.68); external_attachment_email_count=1 (z=2.75); usb_file_count=5 (z=1.74)
WDV0573,2010-08-09,1.8192869574846344,1.269269970338117,1.8192869574846344,171,113,external_attachment_email_count=1 (z=7.68); after_hours_email_count=1 (z=7.68); external_email_count=2 (z=4.57)
SJO0209,2010-10-18,1.1166566568585474,1.2674348768780563,1.302258619926236,172,193,usb_executable_count=1 (z=6.00); usb_file_count=9 (z=4.48); file_count=9 (z=4.48)
TSR0676,2010-01-18,1.1156385285232628,1.2667245547836719,1.1156385285232628,173,287,usb_executable_count=1 (z=6.00); usb_file_count=4 (z=2.91); external_attachment_email_count=2 (z=2.62)
JMK0099,2011-04-27,0.9125173419185781,1.261849543606918,1.1475227851853298,174,270,usb_executable_count=1 (z=7.68); usb_file_count=8 (z=3.21); file_count=8 (z=3.02)
JCG0316,2010-12-03,0.6162013102014451,1.2593675432245046,0.7900066616666327,175,513,usb_executable_count=1 (z=7.68); job_site_count=1 (z=3.51); external_attachment_email_count=3 (z=1.86)
HDS0367,2011-01-21,0.902106620679438,1.2545862497191453,1.0914278961009982,176,307,usb_executable_count=1 (z=7.68); usb_file_count=15 (z=1.21); after_hours_logon_count=4 (z=1.40)
MOS0047,2010-06-02,1.2880908617474978,1.2534621431352857,1.3435998016021706,177,185,usb_executable_count=1 (z=4.36); usb_file_count=28 (z=1.69); after_hours_device_count=5 (z=1.88)
RRP0568,2011-01-11,0.6289586720504312,1.2517336673362656,0.8361598502223105,178,477,usb_executable_count=1 (z=7.68); leak_site_count=1 (z=2.31); usb_file_count=12 (z=1.84)
DBB0384,2010-04-08,0.8962770932640652,1.2505191375688853,0.8962770932640652,179,439,usb_executable_count=1 (z=7.68); external_attachment_email_count=3 (z=5.28); external_email_count=6 (z=1.94)
TSG0906,2011-01-28,0.5788549596064506,1.2503227115624522,0.750116107135562,180,555,leak_site_count=1 (z=7.68); job_site_count=2 (z=3.81); external_attachment_email_count=1 (z=2.05)
DFH0188,2011-01-06,1.1636207793672122,1.2501558187438864,1.2154772944087033,181,229,external_attachment_email_count=1 (z=7.68); usb_executable_count=1 (z=5.39); usb_file_count=27 (z=1.17)
CIM0271,2010-08-27,0.6672848229601085,1.2461220069999308,0.9223648576613139,182,423,usb_executable_count=1 (z=7.68); leak_site_count=1 (z=1.91); usb_file_count=10 (z=1.61)
IUB0565,2010-06-04,0.8424562921748304,1.241500351027527,0.9469117771635225,183,408,usb_executable_count=1 (z=5.39); leak_site_count=1 (z=2.65); external_attachment_email_count=3 (z=3.46)
MVB0515,2010-08-17,0.39673044878200586,1.238969485010492,1.0481714405746305,184,342,usb_executable_count=2 (z=10.00); job_site_count=1 (z=2.55); usb_file_count=7 (z=1.19)
MKW0441,2010-05-10,1.1340574002766903,1.2377810785574936,1.1812631539376068,185,251,job_site_count=1 (z=7.68); usb_file_count=6 (z=2.76); external_email_count=3 (z=2.51)
EAH0466,2010-02-15,1.0214648830052433,1.2338344493295876,1.0214648830052433,186,357,usb_executable_count=1 (z=6.40); external_attachment_email_count=1 (z=3.61); usb_file_count=27 (z=1.71)
WBC0192,2010-11-15,1.0646061942328982,1.2311206006276034,1.4653480859882126,187,156,usb_executable_count=1 (z=6.00); usb_file_count=9 (z=2.89); file_count=9 (z=2.78)
LDG0459,2011-01-25,1.128667244684499,1.2257696317559474,1.5387379196484527,188,145,usb_executable_count=1 (z=5.39); usb_file_count=14 (z=3.00); file_count=14 (z=3.00)
CJP0952,2010-10-20,1.7567722180080736,1.2256550358195863,1.7567722180080736,189,118,after_hours_logon_count=1 (z=6.00); external_attachment_email_count=1 (z=5.39); after_hours_http_count=1 (z=6.00)
SGM0021,2010-08-17,0.42582654075685866,1.2237877452948027,0.754464955097248,190,550,usb_executable_count=1 (z=6.00); leak_site_count=1 (z=5.39); usb_file_count=8 (z=0.73)
SDB0106,2010-08-26,0.21382199223099171,1.220965912887009,0.6508647535097103,191,633,leak_site_count=1 (z=7.68); job_site_count=1 (z=7.68); external_email_count=4 (z=1.27)
CAN0842,2010-06-04,1.1086312727867245,1.2200419198435641,1.1086312727867245,192,295,job_site_count=1 (z=7.68); after_hours_http_count=1 (z=7.68); after_hours_email_count=1 (z=5.39)
CGB0637,2011-01-13,0.7629417003578699,1.213484022944758,1.301769124999509,193,194,usb_executable_count=1 (z=6.00); job_site_count=1 (z=3.32); external_attachment_email_count=1 (z=2.24)
BMT0528,2010-06-30,0.5820911197457629,1.2074824247543434,0.9923278784869188,194,382,job_site_count=1 (z=7.68); usb_executable_count=1 (z=4.36); external_attachment_email_count=1 (z=1.57)
IBB0359,2010-10-26,0.7418992824033156,1.2059862767048388,1.206769749301807,195,231,usb_executable_count=1 (z=7.68); usb_file_count=16 (z=1.18); after_hours_device_count=3 (z=1.16)
TNM0961,2010-06-29,1.0281175800075177,1.2056634279122218,1.6602047968850913,196,131,usb_executable_count=1 (z=6.00); external_attachment_email_count=1 (z=3.74); usb_file_count=5 (z=1.59)
IAR0694,2011-05-07,1.7199279647661918,1.199949742860134,1.7199279647661918,197,121,after_hours_logon_count=2 (z=7.68); after_hours_http_count=6 (z=9.31); after_hours_email_count=6 (z=6.18)
CQW0652,2010-08-24,1.7142643036517933,1.1959983513849721,1.7142643036517933,198,123,after_hours_file_count=5 (z=9.97); usb_file_count=5 (z=2.09); after_hours_device_count=1 (z=2.75)
SNC0187,2011-01-20,1.0141611195835274,1.1959263625001353,1.1609148315148026,199,259,usb_executable_count=1 (z=6.00); usb_file_count=26 (z=1.91); external_attachment_email_count=1 (z=2.55)
COF0120,2010-08-24,0.8135944162375678,1.1928335489457482,0.9346636818622405,200,417,leak_site_count=1 (z=7.68); after_hours_logon_count=1 (z=3.32); external_attachment_email_count=3 (z=3.05)
JTS0389,2010-01-21,1.5414727112866256,1.1905399005411228,1.5737359152959733,201,141,usb_file_count=4 (z=6.00); file_count=4 (z=6.00); unique_file_count=4 (z=6.00)
TLH0648,2011-03-29,0.4181778441856367,1.1801207115219894,0.6618845787500605,202,625,leak_site_count=1 (z=7.68); job_site_count=2 (z=4.53); external_email_count=2 (z=1.64)
GTD0219,2010-02-23,0.8715781146731283,1.1778451962835779,1.0001587510702754,203,376,usb_executable_count=1 (z=7.00); after_hours_device_count=4 (z=1.62); after_hours_file_count=19 (z=2.01)
DIW0118,2010-07-19,0.5771812911988743,1.1710420778459616,0.8830560949666095,204,443,usb_executable_count=1 (z=7.68); job_site_count=1 (z=2.46); usb_file_count=7 (z=1.27)
IBP0883,2011-02-03,1.176777410340086,1.1698447048884322,1.176777410340086,205,252,job_site_count=1 (z=6.00); after_hours_logon_count=2 (z=3.76); after_hours_http_count=1 (z=5.39)
BTR0403,2010-11-17,1.6745437863161785,1.1682863625461712,1.6745437863161785,206,130,after_hours_logon_count=1 (z=7.68); after_hours_http_count=1 (z=7.68); usb_file_count=6 (z=2.28)
UAD0771,2010-12-13,0.7716090095961797,1.1635414047773374,1.0491416108066904,207,340,usb_executable_count=1 (z=7.68); external_attachment_email_count=1 (z=2.46); usb_file_count=9 (z=1.32)
KBP0008,2010-04-27,0.5004253898243333,1.1630874812727907,1.1578496315939433,208,261,leak_site_count=3 (z=10.00); after_hours_http_count=1 (z=2.39); after_hours_logon_count=1 (z=1.22)
CAB0614,2010-04-05,0.7618520136403403,1.1567341982965196,0.8598981779669649,209,457,usb_executable_count=1 (z=7.68); usb_file_count=8 (z=1.78); external_attachment_email_count=2 (z=1.25)
ILC0838,2011-03-28,1.0154110858846481,1.155004580144441,1.1122258592762377,210,292,external_attachment_email_count=1 (z=7.68); job_site_count=1 (z=7.68); external_email_count=1 (z=2.11)
DLM0051,2010-06-06,1.1858415298948441,1.1544346924291482,1.3263880055835415,211,187,leak_site_count=2 (z=4.02); after_hours_device_count=9 (z=2.55); after_hours_file_count=27 (z=2.62)
LBH0942,2010-06-27,0.9562532308868897,1.151679081114734,1.3499124237709736,212,183,leak_site_count=2 (z=3.08); usb_executable_count=1 (z=2.87); after_hours_device_count=9 (z=1.96)
HXL0968,2010-03-31,0.7534811194800791,1.1508940395800582,1.2674927000249283,213,207,usb_executable_count=1 (z=7.68); usb_file_count=5 (z=1.96); external_email_size=48156 (z=1.86)
RVF0201,2010-01-26,1.6456897085120472,1.1481556105898005,1.6456897085120472,214,132,usb_file_count=8 (z=6.51); file_count=8 (z=6.51); unique_file_count=8 (z=6.51)
DBS0235,2010-04-06,0.7955431656668962,1.148053371395509,0.7955431656668962,215,507,job_site_count=1 (z=6.00); after_hours_http_count=1 (z=7.68); leak_site_count=1 (z=3.00)
XHW0498,2010-06-15,0.6270790848281041,1.1410710315350312,1.0857561617660656,216,311,leak_site_count=2 (z=8.64); usb_file_count=5 (z=1.71); file_count=5 (z=1.71)
RAR0725,2010-08-04,0.9342686290301271,1.140187415602414,1.3535049914606008,217,181,usb_executable_count=1 (z=6.00); usb_file_count=8 (z=2.30); external_email_size=40537 (z=2.40)
AKR0057,2010-03-22,0.7650798903534661,1.1389167484537723,0.9903454125948326,218,384,job_site_count=1 (z=6.00); leak_site_count=1 (z=3.15); external_attachment_email_count=1 (z=2.46)
CJM0138,2010-08-25,1.1282313054756523,1.135975329401618,1.3944444321130958,219,169,external_attachment_email_count=1 (z=7.68); job_site_count=1 (z=6.00); external_email_count=1 (z=2.55)
DIB0081,2010-02-22,0.8136746133671301,1.1316034815576321,0.8176460052893799,220,495,leak_site_count=1 (z=6.93); external_attachment_email_count=3 (z=2.92); external_email_count=6 (z=2.52)
AIB0948,2011-04-04,0.7231033772772498,1.1297002659501774,1.5078135088212263,221,149,usb_executable_count=1 (z=7.68); usb_file_count=10 (z=1.42); external_email_size=40310 (z=2.48)
AHC0142,2010-11-28,1.6133975109071566,1.1256261704003419,1.6133975109071566,222,134,after_hours_logon_count=2 (z=7.68); after_hours_http_count=6 (z=9.31); after_hours_email_count=2 (z=6.06)
SGB0140,2010-09-20,0.9122925036835884,1.124855235128085,1.0757847988059808,223,317,leak_site_count=1 (z=6.00); external_attachment_email_count=1 (z=5.39); external_email_count=1 (z=2.55)
OCS0865,2011-01-05,0.46261852388963526,1.1221889996256076,0.8031146917457663,224,502,usb_executable_count=1 (z=6.00); job_site_count=4 (z=5.35); external_attachment_email_count=3 (z=1.17)
OLW0689,2010-10-18,0.46586958255785893,1.1089461952047261,1.2633223904694482,225,211,usb_executable_count=1 (z=7.68); leak_site_count=1 (z=1.95); usb_file_count=5 (z=0.99)
SRH0155,2010-08-15,1.3728292863390432,1.0975384055289705,1.3728292863390432,226,175,after_hours_http_count=10 (z=10.00); after_hours_email_count=6 (z=7.24); after_hours_logon_count=2 (z=2.84)
JKM0303,2011-01-31,0.22604100862413512,1.0960035440488471,1.0127134773184627,227,366,leak_site_count=1 (z=7.68); job_site_count=1 (z=5.39); http_domain_count=4 (z=4.10)
AGB0643,2010-02-01,1.1329730969203022,1.0925482317296664,1.1329730969203022,228,280,job_site_count=1 (z=5.20); external_attachment_email_count=1 (z=3.61); after_hours_http_count=3 (z=5.31)
DPM0423,2010-07-09,0.6690616170339202,1.0919967122920404,0.8271556332867772,229,488,usb_executable_count=1 (z=7.68); external_attachment_email_count=4 (z=2.76); external_email_count=6 (z=1.91)
WKD0013,2011-03-30,1.2688363659130337,1.0901443810235742,1.3826920842410892,230,172,after_hours_logon_count=2 (z=7.04); after_hours_http_count=3 (z=6.25); job_site_count=4 (z=3.52)
HCS0003,2011-02-01,0.4518402941331614,1.0895963663407,0.6769333458869081,231,616,usb_executable_count=1 (z=5.39); job_site_count=3 (z=5.78); external_attachment_email_count=5 (z=1.21)
CFM0767,2011-02-18,0.8590534662907596,1.0877117206679716,1.3990232045998106,232,168,leak_site_count=1 (z=6.00); usb_file_count=12 (z=2.62); file_count=12 (z=2.62)
CWR0502,2010-05-03,0.5497903895855515,1.0871486860169712,0.9407946463024853,233,413,leak_site_count=2 (z=8.64); external_attachment_email_count=2 (z=1.61); usb_file_count=2 (z=0.89)
BTS0011,2010-11-02,0.29885734777489414,1.087139021154387,0.540425190277081,234,807,leak_site_count=1 (z=7.68); job_site_count=1 (z=4.36); external_attachment_email_count=2 (z=1.60)
CRP0456,2011-04-14,0.917816680537523,1.086915460134819,1.1513375066307894,235,268,job_site_count=1 (z=7.68); external_attachment_email_count=1 (z=5.39); external_email_count=1 (z=2.75)
DKB0631,2010-03-19,0.6612422560211068,1.0865413441435658,0.885578402641387,236,442,leak_site_count=1 (z=7.68); external_attachment_email_count=1 (z=3.32); external_email_count=2 (z=1.87)
CCL0068,2010-06-15,0.4768206829254184,1.085159878188941,1.0053770008869345,237,372,usb_executable_count=1 (z=7.68); job_site_count=1 (z=2.19); usb_file_count=5 (z=1.50)
MBJ0312,2011-04-27,0.6556308656292601,1.0826264206143703,0.8788214518842739,238,448,usb_executable_count=1 (z=7.68); usb_file_count=6 (z=1.31); external_attachment_email_count=2 (z=1.45)
RNP0211,2010-06-22,0.5403798962725266,1.0824688697027522,0.7047150118884796,239,593,usb_executable_count=1 (z=7.68); usb_file_count=10 (z=1.00); job_site_count=1 (z=1.38)
GTD0116,2010-03-10,0.3666455335684197,1.082397074742518,0.7687580232305717,240,531,leak_site_count=2 (z=8.64); job_site_count=1 (z=2.12); external_attachment_email_count=1 (z=1.74)
ABH0663,2010-03-22,0.9621298371710408,1.0807237800806526,0.9621298371710408,241,399,external_attachment_email_count=1 (z=7.68); job_site_count=2 (z=7.04); external_email_count=2 (z=1.94)
GJT0386,2011-01-10,0.3796480029701416,1.0788241881187035,0.7579254873993068,242,544,leak_site_count=2 (z=10.00); external_attachment_email_count=1 (z=1.95); external_email_size=75198 (z=0.93)
JFC0557,2010-09-21,0.6500693321606521,1.0787462809851096,0.833765791181095,243,480,usb_executable_count=1 (z=7.68); external_attachment_email_count=5 (z=3.06); external_email_count=6 (z=1.86)
SKG0759,2010-09-20,0.6489323381822713,1.077953029372285,0.8286686144157059,244,485,leak_site_count=1 (z=7.68); external_attachment_email_count=1 (z=2.65); external_email_count=2 (z=2.43)
JKJ0698,2010-05-02,1.5437812945025655,1.077056717094813,1.5437812945025655,245,144,external_attachment_email_count=1 (z=7.68); after_hours_http_count=1 (z=4.36); after_hours_email_count=1 (z=3.74)
HAH0760,2010-06-03,0.6459450184393254,1.0758688528074394,1.220957534142409,246,226,usb_executable_count=1 (z=7.68); usb_file_count=11 (z=1.37); external_email_size=37812 (z=1.99)
KBB0189,2010-05-21,1.1869444218889136,1.0722868059690094,1.1869444218889136,247,245,after_hours_email_count=2 (z=10.00); leak_site_count=1 (z=3.00); after_hours_http_count=1 (z=4.36)
CPG0322,2010-06-01,0.831594319809508,1.0685541766112847,1.2239881974053792,248,225,usb_executable_count=1 (z=6.00); usb_file_count=3 (z=2.35); file_count=3 (z=2.35)
RDM0115,2010-12-15,0.6342329673281152,1.0676976543577577,0.6342329673281152,249,657,leak_site_count=1 (z=7.68); external_attachment_email_count=4 (z=4.10); external_email_count=6 (z=1.82)
JNJ0556,2010-09-09,0.2396094367227286,1.067608308827387,0.7176687170975429,250,580,leak_site_count=2 (z=4.95); usb_executable_count=2 (z=4.90); job_site_count=1 (z=1.69)
KNW0644,2010-09-16,0.42059077557863694,1.066872273881168,0.9388094079905217,251,414,leak_site_count=1 (z=7.68); job_site_count=1 (z=2.55); external_attachment_email_count=1 (z=2.24)
RMW0542,2010-06-07,0.5236035004314481,1.0659565195522005,0.7464283107064763,252,558,usb_executable_count=1 (z=7.68); usb_file_count=5 (z=1.55); job_site_count=1 (z=1.30)
PDH0716,2011-02-17,0.8977327144282071,1.0646525176236505,1.1088223720208135,253,294,usb_executable_count=1 (z=5.39); external_attachment_email_count=1 (z=4.36); external_email_count=1 (z=2.38)
SSJ0784,2011-02-27,1.0177243559983988,1.063919577033647,1.0177243559983988,254,360,job_site_count=2 (z=6.09); external_attachment_email_count=1 (z=3.00); after_hours_http_count=3 (z=3.58)
JBD0616,2010-10-12,0.6286976843114945,1.0638358289973247,1.0976513963272037,255,302,leak_site_count=1 (z=7.68); usb_file_count=3 (z=2.01); file_count=3 (z=2.01)
JAM0382,2010-12-09,0.35638805392128003,1.0625963166892651,0.5459242793290157,256,795,leak_site_count=2 (z=10.00); external_attachment_email_count=1 (z=1.39); external_email_count=4 (z=1.43)
VIA0063,2010-09-01,0.8945806560483197,1.0624534071260547,0.8945806560483197,257,441,usb_executable_count=1 (z=5.39); external_attachment_email_count=3 (z=5.49); external_email_count=8 (z=2.03)
AAF0535,2010-02-16,0.8202547493532127,1.0606428483859622,1.016251893500746,258,363,usb_executable_count=1 (z=6.00); external_attachment_email_count=2 (z=3.14); usb_file_count=3 (z=1.23)
RHL0992,2010-09-09,1.2053310000262634,1.0584668248307618,1.5076504973685827,259,150,job_site_count=1 (z=3.74); usb_file_count=12 (z=2.42); after_hours_file_count=5 (z=3.93)
JJH0613,2010-05-17,0.6169278266844919,1.055624300420346,0.7618238079949277,260,540,leak_site_count=1 (z=7.68); external_attachment_email_count=4 (z=2.28); usb_file_count=5 (z=0.77)
JJB0127,2011-01-26,0.4228935313433966,1.054334217564538,0.7212132395425557,261,577,leak_site_count=1 (z=7.68); job_site_count=1 (z=2.31); after_hours_email_count=1 (z=3.33)
IKR0401,2010-06-02,0.8111628653712103,1.0542996735147978,0.9965890390833576,262,380,usb_executable_count=1 (z=6.00); usb_file_count=5 (z=1.84); external_attachment_email_count=1 (z=1.56)
RDM0150,2011-01-14,0.8802017596955395,1.0524216189729523,0.8802017596955395,263,447,external_attachment_email_count=1 (z=7.68); leak_site_count=1 (z=5.39); http_domain_count=5 (z=1.80)
HGN0287,2011-02-25,0.6103897286427136,1.0510628366702686,0.6406671956183416,264,650,leak_site_count=1 (z=7.68); external_attachment_email_count=4 (z=3.51); external_email_count=7 (z=2.32)
VMJ0546,2010-09-03,0.5164066881537466,1.0506477712508469,0.7817094117453335,265,522,usb_executable_count=1 (z=7.68); usb_file_count=13 (z=1.02); job_site_count=1 (z=1.12)
DJB0159,2010-02-15,0.3388719347825921,1.050375768452971,0.49104808444722486,266,858,leak_site_count=2 (z=10.00); external_email_count=9 (z=1.58); external_attachment_email_count=2 (z=1.11)
NNA0610,2010-02-16,0.24835472003544923,1.049610094081186,0.2662180748359763,267,995,leak_site_count=1 (z=6.48); job_site_count=2 (z=6.00); external_email_count=8 (z=1.88)
ZKS0899,2011-02-22,1.2042597718521157,1.0476994721942057,1.250352168507633,268,215,external_attachment_email_count=1 (z=7.68); usb_executable_count=1 (z=2.55); external_email_count=2 (z=2.14)
NGO0690,2010-01-22,0.45249582292271956,1.0462571419195263,0.968200865631932,269,395,leak_site_count=2 (z=4.69); job_site_count=1 (z=6.00); external_attachment_email_count=4 (z=2.68)
MTB0620,2010-04-01,0.6030264758807374,1.0459256835805175,0.751761135550272,270,552,usb_executable_count=1 (z=7.68); usb_file_count=11 (z=1.29); external_attachment_email_count=2 (z=1.17)
CRK0916,2010-12-03,0.6016869016538743,1.044991096910613,1.2659384705521075,271,209,leak_site_count=1 (z=7.68); external_attachment_email_count=2 (z=4.27); external_email_count=3 (z=1.19)
PMJ0564,2011-01-17,1.2726279071934057,1.0417462060812464,1.2726279071934057,272,205,after_hours_http_count=3 (z=9.73); after_hours_logon_count=1 (z=4.36); job_site_count=1 (z=2.65)
GCG0951,2010-06-07,1.0438641967851312,1.0413683237532605,1.392208653393947,273,170,external_attachment_email_count=1 (z=6.00); job_site_count=1 (z=5.39); external_email_count=1 (z=3.32)
HTH0007,2011-03-28,0.9862418664360125,1.0408284124915563,0.9862418664360125,274,387,leak_site_count=4 (z=4.33); after_hours_email_count=2 (z=10.00); after_hours_http_count=4 (z=5.38)
BJW0619,2010-06-07,0.1410605861004428,1.0367148771718528,0.5697071041429647,275,744,leak_site_count=1 (z=7.68); job_site_count=1 (z=5.39); external_email_size=32001 (z=0.70)
WGR0833,2010-06-29,0.14559224103764165,1.0365263162976923,0.8618192212880452,276,456,leak_site_count=1 (z=6.00); job_site_count=1 (z=7.68); http_domain_count=2 (z=2.27)
BBG0325,2010-09-14,0.7840300550484464,1.0353698058477534,1.197934339202342,277,236,usb_executable_count=1 (z=6.00); usb_file_count=4 (z=2.30); file_count=4 (z=2.20)
CTA0020,2010-06-23,0.7985345673882147,1.0346366029872094,0.9411062373421393,278,412,leak_site_count=3 (z=5.87); usb_file_count=5 (z=1.91); external_attachment_email_count=2 (z=1.45)
VSA0230,2010-08-12,1.4825227221412256,1.0343181782380644,1.4825227221412256,279,153,after_hours_http_count=1 (z=7.68); after_hours_email_count=1 (z=6.00); usb_file_count=5 (z=2.32)
MPM0220,2010-07-15,0.9815456548816588,1.0336365034058086,1.4756204641933255,280,155,job_site_count=1 (z=6.00); external_attachment_email_count=1 (z=2.75); after_hours_device_count=4 (z=1.47)
DRR0162,2010-10-13,0.7799254872247156,1.0325061538777085,0.9411684350200664,281,411,usb_executable_count=1 (z=6.00); usb_file_count=5 (z=1.94); external_attachment_email_count=2 (z=1.48)
JDB0169,2010-02-15,0.3602590678805573,1.0321159566548335,0.81667820602217,282,496,job_site_count=2 (z=10.00); usb_executable_count=1 (z=2.45); usb_file_count=23 (z=0.64)
TSM0927,2011-05-12,0.2700334612137931,1.0315904535461977,0.7367107581327369,283,563,leak_site_count=1 (z=7.68); job_site_count=3 (z=3.75); external_email_count=4 (z=1.36)
CBG0398,2010-06-07,0.83837554523876,1.031491412251961,0.83837554523876,284,473,job_site_count=1 (z=7.68); after_hours_email_count=1 (z=7.68); external_attachment_email_count=2 (z=2.62)
PMC0328,2010-07-26,0.7765535230294084,1.0301536207181918,1.148861526663654,285,269,usb_executable_count=1 (z=6.00); external_attachment_email_count=1 (z=2.17); usb_file_count=4 (z=1.50)
RTO0313,2010-05-07,0.7759054525163774,1.0297014784997982,1.0468697160549865,286,343,leak_site_count=1 (z=6.00); after_hours_http_count=4 (z=7.99); after_hours_logon_count=1 (z=2.31)
NRO0768,2010-11-05,0.12904262767439595,1.028330255014146,0.9891360855971305,287,385,leak_site_count=1 (z=7.68); job_site_count=1 (z=5.39); http_domain_count=4 (z=1.97)
SMY0792,2011-04-25,0.5758571589087639,1.02697034615821,0.9215159554663214,288,424,usb_executable_count=1 (z=7.68); external_attachment_email_count=3 (z=2.30); usb_file_count=4 (z=0.88)
CTR0697,2010-06-15,0.8256570838083189,1.0226180670679323,1.4432922139101727,289,161,job_site_count=1 (z=7.68); external_attachment_email_count=1 (z=5.39); external_email_count=1 (z=2.11)
AMW0392,2011-03-05,0.6421501673128879,1.0225716404533263,1.1145824812170777,290,289,leak_site_count=1 (z=6.00); after_hours_http_count=12 (z=4.18); after_hours_logon_count=1 (z=1.54)
FAW0032,2010-11-05,1.458140162344795,1.0173070900079966,1.458140162344795,291,158,after_hours_logon_count=1 (z=7.68); after_hours_email_count=1 (z=7.68); external_attachment_email_count=2 (z=1.94)
NKH0979,2011-02-28,0.4249215573965502,1.0162108912472885,0.531020370524225,292,823,leak_site_count=3 (z=6.33); job_site_count=1 (z=3.51); external_attachment_email_count=3 (z=1.70)
KMW0545,2010-09-17,1.0425536616682831,1.015146450140887,1.3213913158094528,293,188,job_site_count=2 (z=4.95); usb_file_count=8 (z=2.88); external_attachment_email_count=2 (z=2.21)
KJJ0293,2010-12-22,0.7488977507947451,1.0108588959033105,1.4062633249421823,294,167,usb_executable_count=1 (z=6.00); usb_file_count=4 (z=1.63); external_email_count=1 (z=2.55)
BJH0811,2010-07-07,0.28105867022581077,1.0100409327156818,0.6621129171234384,295,624,leak_site_count=2 (z=10.00); external_email_count=3 (z=1.08); external_email_size=111853 (z=0.99)
EJW0884,2010-05-06,1.1347274908641458,1.0092085626246332,1.1606673084071304,296,260,external_attachment_email_count=2 (z=10.00); job_site_count=1 (z=3.74); external_email_count=2 (z=2.23)
SAB0781,2010-05-10,0.5729174267062774,1.0079282898240083,1.0959640044296557,297,304,usb_executable_count=1 (z=4.36); job_site_count=1 (z=4.36); usb_file_count=8 (z=1.30)
AAN0823,2010-10-05,1.4433293273419234,1.0069739493083187,1.4433293273419234,298,160,external_attachment_email_count=1 (z=7.68); after_hours_http_count=1 (z=7.68); external_email_count=1 (z=2.11)
TAC0300,2011-01-10,0.8013461157988729,1.0056569265962259,0.9353533564869076,299,416,job_site_count=1 (z=7.68); external_email_count=1 (z=4.36); external_email_size=21974 (z=4.21)
CAM0681,2010-08-03,1.0871803294438547,1.0056544719076637,1.0871803294438547,300,310,after_hours_file_count=2 (z=6.00); leak_site_count=2 (z=3.04); usb_file_count=6 (z=1.77)
LJJ0905,2010-07-20,0.6194184747783972,1.0051687581303546,0.9096811779267631,301,432,job_site_count=6 (z=9.86); external_attachment_email_count=1 (z=2.24); external_email_count=2 (z=2.37)
MKP0861,2010-09-16,0.17973095883259824,1.0022505498377465,0.4690110178265543,302,877,leak_site_count=2 (z=10.00); job_site_count=1 (z=1.08); external_email_size=105049 (z=0.69)
CRD0624,2010-03-01,1.1835426966301468,1.0019757659641353,1.1835426966301468,303,249,after_hours_http_count=1 (z=7.42); after_hours_logon_count=1 (z=3.61); job_site_count=1 (z=3.03)
LUR0896,2010-04-19,1.4359510939536484,1.0018263446188245,1.4359510939536484,304,163,external_attachment_email_count=1 (z=5.39); after_hours_http_count=1 (z=6.00); external_email_count=3 (z=3.55)
NWT0098,2010-06-03,0.4764939472289235,0.9996607526861565,0.9791607488991462,305,391,usb_executable_count=1 (z=6.00); job_site_count=2 (z=3.08); usb_file_count=5 (z=1.36)
UCH0519,2010-09-01,0.7922887637051264,0.9993378437401235,1.0495362734360334,306,338,job_site_count=1 (z=7.68); external_attachment_email_count=1 (z=6.00); external_email_size=40647 (z=1.51)
AVM0947,2010-12-01,0.2656160987926896,0.9992670456693183,1.3367439870928362,307,186,usb_executable_count=2 (z=10.00); usb_file_count=22 (z=0.70); http_domain_count=1 (z=1.25)
SLT0907,2010-04-26,0.7918347396603304,0.9990210827786378,0.7918347396603304,308,511,job_site_count=1 (z=7.68); external_attachment_email_count=1 (z=4.36); external_email_count=3 (z=2.84)
EZT0640,2010-10-08,0.5350169321333431,0.9984771646869867,1.1368833491096162,309,277,leak_site_count=1 (z=7.68); external_attachment_email_count=1 (z=2.05); after_hours_email_count=2 (z=3.25)
CHG0146,2011-05-05,0.41911701719938144,0.9959812169103409,0.47218467811301984,310,872,leak_site_count=2 (z=8.64); external_attachment_email_count=3 (z=2.50); external_email_count=7 (z=1.24)
FHO0630,2010-04-01,0.2603784908261848,0.9956129005764082,0.45803470584494077,311,882,leak_site_count=2 (z=10.00); external_attachment_email_count=2 (z=0.90); external_email_count=5 (z=0.98)
SBN0495,2011-01-27,0.16737495803926153,0.995407121338829,0.5113578463736934,312,840,leak_site_count=1 (z=7.68); job_site_count=1 (z=4.36); http_domain_count=11 (z=1.09)
IMP0530,2010-05-14,0.7249766526894,0.9941697576902789,0.7271609842363312,313,571,leak_site_count=1 (z=6.00); external_attachment_email_count=1 (z=4.36); external_email_count=2 (z=2.42)
AAV0450,2010-10-26,0.9754815358768325,0.993659490561424,1.074247835916856,314,319,external_attachment_email_count=1 (z=7.68); job_site_count=1 (z=5.39); external_email_size=30992 (z=1.78)
EGD0132,2010-09-17,0.7237234454782359,0.9932954270778389,0.9111386704772064,315,430,leak_site_count=1 (z=6.00); usb_file_count=11 (z=2.43); file_count=11 (z=2.43)
KJG0910,2011-02-21,0.5261731581910762,0.9923070898435445,0.758538754385741,316,543,leak_site_count=1 (z=7.68); external_attachment_email_count=1 (z=2.75); external_email_count=2 (z=1.73)
JRF0835,2010-03-09,1.4193912611677704,0.9902729729077469,1.4193912611677704,317,165,external_attachment_email_count=1 (z=7.68); after_hours_email_count=1 (z=7.68); external_email_size=31124 (z=2.64)
AOS0987,2011-02-09,0.25241671209297617,0.9900581712276578,0.5290557904127081,318,825,leak_site_count=2 (z=10.00); http_domain_count=9 (z=1.81); logon_pc_count=2 (z=1.36)
PDW0259,2010-10-22,0.5226389293234938,0.9898413487731379,0.5863830427477221,319,715,leak_site_count=1 (z=7.68); external_attachment_email_count=2 (z=3.51); external_email_count=6 (z=1.46)
CLF0852,2010-06-21,0.25071496618105116,0.9888709066379426,0.45912286960993126,320,881,leak_site_count=2 (z=10.00); external_attachment_email_count=2 (z=0.99); external_email_count=6 (z=1.20)
MDM0625,2011-04-15,0.5152821757999447,0.9847087300357775,0.9993168277247609,321,377,usb_executable_count=1 (z=7.68); external_attachment_email_count=1 (z=2.25); usb_file_count=27 (z=0.68)
KRG0158,2010-11-05,0.5113628817906077,0.9819743388664736,1.0356490179516595,322,347,leak_site_count=1 (z=7.68); after_hours_http_count=1 (z=5.39); after_hours_logon_count=1 (z=1.31)
DLS0383,2010-09-13,0.32270547363725455,0.9806684418316045,0.5597267255728015,323,765,leak_site_count=1 (z=7.68); job_site_count=1 (z=2.24); external_attachment_email_count=2 (z=1.44)
KJP0371,2010-12-27,0.5077552429780132,0.9794573815553611,0.6215012190773189,324,665,leak_site_count=1 (z=7.68); external_attachment_email_count=3 (z=2.35); after_hours_logon_count=3 (z=1.03)
WDO0870,2010-06-23,0.7031170208736096,0.9789188517722857,1.0309678464525631,325,353,leak_site_count=1 (z=6.00); after_hours_http_count=3 (z=6.00); after_hours_logon_count=1 (z=3.32)
BMM0112,2010-07-07,0.5684870713002972,0.978014235790905,0.7625859247355784,326,538,job_site_count=2 (z=10.00); external_attachment_email_count=1 (z=2.75); external_email_count=2 (z=1.69)
CTR0341,2010-08-15,0.7610201854198831,0.9775225565643726,0.9578363084312324,327,402,job_site_count=1 (z=7.68); external_attachment_email_count=1 (z=2.65); external_email_count=2 (z=2.07)
EDB0714,2010-10-22,0.7573955834845719,0.9749937645164809,1.3171702433918187,328,189,job_site_count=1 (z=7.68); external_attachment_email_count=1 (z=3.74); external_email_count=1 (z=2.11)
CEJ0109,2010-05-05,0.5011136522079512,0.974823713576248,0.7640174660831308,329,536,usb_executable_count=1 (z=7.68); usb_file_count=4 (z=1.37); file_count=4 (z=1.37)
EHB0420,2010-01-23,0.695054189210516,0.9732936203794296,0.9174458718506727,330,427,leak_site_count=1 (z=6.00); after_hours_logon_count=3 (z=2.24); after_hours_http_count=6 (z=2.77)
DIB0285,2010-07-07,0.76677558247696,0.9732870767274316,0.9694546037597555,331,392,leak_site_count=1 (z=5.39); usb_file_count=5 (z=1.69); external_attachment_email_count=1 (z=1.40)
ASB0796,2011-01-13,0.4019028298007962,0.9719626491500449,0.7251284157003144,332,572,leak_site_count=1 (z=7.68); external_attachment_email_count=1 (z=1.59); external_email_count=4 (z=1.51)
NHE0919,2010-12-15,0.6921634841874132,0.971276849433079,0.7075550217537461,333,591,leak_site_count=1 (z=6.00); after_hours_email_count=4 (z=4.46); after_hours_http_count=2 (z=2.73)
DMM0623,2011-04-30,1.2557794389522,0.9694508743128758,1.350724255348549,334,182,after_hours_logon_count=2 (z=6.00); after_hours_http_count=2 (z=6.00); after_hours_email_count=6 (z=6.00)
ABM0845,2010-12-16,1.3850229559503757,0.9662950855467738,1.3850229559503757,335,171,external_attachment_email_count=1 (z=7.68); after_hours_email_count=1 (z=6.00); external_email_count=1 (z=3.00)
HSB0196,2010-10-02,0.8722680523867806,0.9633532063719948,1.1535223500413057,336,265,usb_executable_count=1 (z=4.36); after_hours_device_count=8 (z=1.74); external_attachment_email_count=2 (z=1.70)
VSS0154,2010-08-10,0.4838385843425408,0.9627713406468918,1.129425050623911,337,284,usb_executable_count=1 (z=7.68); usb_file_count=3 (z=1.07); external_attachment_email_count=1 (z=0.94)
APG0307,2011-01-03,0.73903679768866,0.9621853093100309,1.2056841940311496,338,232,job_site_count=1 (z=7.68); external_attachment_email_count=1 (z=3.74); external_email_count=1 (z=2.38)
HMM0108,2010-02-22,0.5694434064620738,0.9612096162750349,0.7878950510630484,339,517,usb_executable_count=1 (z=6.93); usb_file_count=10 (z=1.19); external_attachment_email_count=1 (z=1.21)
AMR0400,2010-06-11,0.4815589073171871,0.9611808683036218,1.0807161813083728,340,313,leak_site_count=1 (z=7.68); after_hours_http_count=1 (z=7.68); http_domain_count=7 (z=1.21)
OJK0233,2010-04-06,0.6759513685277012,0.959966071065838,0.7176183816213236,341,581,leak_site_count=1 (z=6.00); after_hours_http_count=1 (z=6.00); external_attachment_email_count=1 (z=1.33)
SJF0094,2010-07-13,0.20917722529976368,0.9598910874184399,0.4814088589804526,342,866,leak_site_count=2 (z=10.00); external_attachment_email_count=1 (z=1.11); external_email_size=29983 (z=0.69)
SXM0895,2010-10-13,0.9258929515070351,0.9590628037917979,1.0077779375295697,343,371,external_attachment_email_count=1 (z=7.68); job_site_count=1 (z=5.39); http_domain_count=4 (z=2.42)
CLH0703,2010-05-05,0.47819448078729243,0.9588335939804397,1.0353580628985253,344,348,leak_site_count=1 (z=7.68); external_email_size=32801 (z=2.42); external_email_count=1 (z=2.38)
HDJ0446,2010-11-24,1.3732108758262747,0.95805409941368,1.3732108758262747,345,174,external_attachment_email_count=1 (z=7.68); external_email_size=30563 (z=4.42); external_email_count=1 (z=4.36)
MHH0180,2010-01-30,1.372771372469358,0.9577474691646685,1.372771372469358,346,176,after_hours_logon_count=2 (z=3.61); external_attachment_email_count=1 (z=3.61); after_hours_http_count=3 (z=5.58)
PEV0323,2010-05-07,1.0948148690888138,0.9566513499663469,1.2734857569193645,347,204,job_site_count=1 (z=3.32); after_hours_logon_count=1 (z=3.32); after_hours_email_count=1 (z=5.39)
JCR0289,2010-08-16,0.4745892093253213,0.9563182883092968,1.0983061726350687,348,301,leak_site_count=1 (z=7.68); external_email_count=1 (z=2.38); external_email_size=28758 (z=2.36)
TEB0251,2010-11-30,0.361458677951693,0.955754468598,0.5823199765140632,349,723,leak_site_count=2 (z=8.64); external_attachment_email_count=1 (z=1.51); external_email_size=64363 (z=1.08)
BTN0061,2010-08-09,1.3696971440736476,0.9556026586560332,1.3696971440736476,350,177,after_hours_logon_count=1 (z=7.68); after_hours_http_count=3 (z=10.00); logon_pc_count=2 (z=1.37)
JKF0465,2010-04-24,1.3672953980646856,0.9539270219055946,1.3672953980646856,351,178,after_hours_http_count=1 (z=7.68); after_hours_logon_count=1 (z=4.36); after_hours_email_count=1 (z=6.00)
AIP0394,2010-09-30,0.46851843593410386,0.9526875841061453,1.2141671012567392,352,230,leak_site_count=1 (z=6.00); external_attachment_email_count=3 (z=3.11); job_site_count=2 (z=2.36)
CCR0863,2010-08-30,0.16214328637593622,0.9525067440697772,0.3092376064569077,353,954,leak_site_count=1 (z=7.68); job_site_count=2 (z=3.68); external_email_size=94552 (z=0.68)
WAS0254,2010-05-25,0.29789030141117073,0.9511706717630759,0.5508254521957151,354,781,leak_site_count=1 (z=6.00); job_site_count=2 (z=4.39); external_attachment_email_count=1 (z=1.21)
GQP0743,2010-06-18,0.23334565973592017,0.9499638748150784,0.4535038197524752,355,885,leak_site_count=1 (z=5.39); job_site_count=1 (z=6.00); external_attachment_email_count=2 (z=0.77)
DOP0562,2010-09-09,0.09286903561166764,0.9496979596044727,0.8523882443775567,356,465,job_site_count=1 (z=7.68); leak_site_count=1 (z=5.39); http_domain_count=6 (z=1.05)
DAL0673,2010-05-07,0.6563228778542674,0.9462717752471633,1.1996255500500839,357,234,usb_executable_count=1 (z=6.00); usb_file_count=3 (z=2.03); file_count=3 (z=2.03)
SGG0787,2010-12-13,0.30857963981383413,0.9435496945987598,0.6137115358988777,358,673,leak_site_count=3 (z=8.95); external_email_count=7 (z=1.52); after_hours_email_count=2 (z=1.36)
PLH0715,2010-05-19,0.9026127917726314,0.9428208318840745,1.0642774193219404,359,326,external_attachment_email_count=1 (z=6.00); job_site_count=1 (z=5.39); external_email_size=28965 (z=1.83)
MDH0580,2010-08-11,1.344251805051701,0.9378500965476985,1.344251805051701,360,184,external_attachment_email_count=1 (z=5.39); external_email_count=1 (z=2.75); external_email_size=32466 (z=2.75)
EMW0105,2011-02-22,0.20904780674797496,0.9375487714793197,0.27931092857742584,361,987,leak_site_count=3 (z=9.73); external_email_count=5 (z=1.31); external_email_size=113089 (z=0.85)
AJC0840,2010-12-27,0.7029837890355788,0.9370320474590437,1.2771610547848837,362,200,job_site_count=1 (z=7.68); after_hours_http_count=1 (z=6.00); external_email_size=37477 (z=2.08)
LOM0086,2010-04-01,0.44542421120650705,0.9359706152031475,0.8363736698197407,363,476,usb_executable_count=1 (z=7.68); usb_file_count=4 (z=0.96); external_attachment_email_count=1 (z=0.88)
MIB0904,2010-09-20,0.6400971873934028,0.9349515260884206,0.6400971873934028,364,652,leak_site_count=1 (z=6.00); external_attachment_email_count=2 (z=4.02); external_email_count=2 (z=1.71)
BNR0965,2010-05-10,0.6379451492830525,0.9334501041509669,1.137466489930084,365,276,leak_site_count=1 (z=6.00); external_email_count=1 (z=3.74); external_email_size=16479 (z=3.58)
LCB0664,2010-08-04,0.1701183580658733,0.9331112921525752,1.0348235136193145,366,349,job_site_count=2 (z=10.00); leak_site_count=3 (z=2.86); logon_pc_count=2 (z=1.53)
ARB0881,2011-02-02,0.44111968607560864,0.9329674581350788,0.8487821633260584,367,466,leak_site_count=1 (z=7.68); external_attachment_email_count=1 (z=1.62); external_email_count=2 (z=1.69)
NCH0179,2010-07-26,0.3271647171521613,0.931828449435536,0.4613692667909682,368,879,leak_site_count=2 (z=8.64); external_attachment_email_count=2 (z=1.34); external_email_count=4 (z=1.10)
MHA0798,2010-07-14,0.3267902258814032,0.9315671764559376,0.3267902258814032,369,940,leak_site_count=2 (z=8.64); external_email_count=7 (z=2.16); external_email_size=218154 (z=1.16)
MJS0890,2010-03-17,0.34178923855326454,0.931079816085306,0.8300556325399789,370,483,leak_site_count=1 (z=6.00); job_site_count=1 (z=3.51); external_attachment_email_count=1 (z=1.33)
TVS0050,2010-07-29,0.670308976451655,0.9309988192755048,1.062768416977432,371,327,leak_site_count=3 (z=5.49); after_hours_logon_count=1 (z=2.65); after_hours_http_count=3 (z=4.29)
ATF0274,2011-01-27,0.1625585511630837,0.927366431044012,0.5409154775363171,372,804,leak_site_count=3 (z=10.00); external_email_size=65919 (z=0.82); logon_pc_count=1 (z=0.71)
HVB0037,2010-12-25,1.0081989463254377,0.9273639193463312,1.03370566747428,373,350,after_hours_logon_count=1 (z=4.36); leak_site_count=1 (z=2.75); after_hours_email_count=9 (z=4.59)
BLB0114,2010-06-04,0.4271196832209186,0.9232000142829695,0.6017173075815313,374,690,leak_site_count=1 (z=7.68); external_attachment_email_count=2 (z=1.98); external_email_count=4 (z=1.52)
NAH0503,2010-04-24,0.8711046190829901,0.9208383858215341,1.253591031562298,375,214,job_site_count=1 (z=5.39); after_hours_logon_count=1 (z=4.36); after_hours_http_count=11 (z=4.74)
AMV0036,2010-04-09,0.1703799140708763,0.9203327776735476,0.29795785132316627,376,967,leak_site_count=1 (z=6.00); job_site_count=1 (z=5.39); http_domain_count=11 (z=1.17)
MLL0598,2010-11-29,0.6176895786671421,0.9193183106980061,1.3088564645913519,377,192,usb_executable_count=1 (z=6.00); usb_file_count=3 (z=2.52); file_count=3 (z=2.48)
JJB0700,2010-05-19,0.8163906296007785,0.9184120671633339,1.162023246769045,378,258,job_site_count=1 (z=6.00); external_attachment_email_count=1 (z=4.36); external_email_size=39501 (z=2.63)
AIM0627,2010-02-10,0.19495144126880262,0.9179996250843963,0.3182877170922825,379,943,leak_site_count=2 (z=9.61); http_domain_count=13 (z=1.25); external_email_count=4 (z=0.77)
BAM0636,2010-02-24,1.3156607454626936,0.9179028456716467,1.3156607454626936,380,190,external_attachment_email_count=2 (z=10.00); external_email_count=3 (z=3.11); external_email_size=123886 (z=1.75)
WPE0538,2010-05-28,0.41770970250449563,0.916634911457558,0.7127219628834401,381,587,leak_site_count=1 (z=7.68); external_attachment_email_count=1 (z=2.05); external_email_size=22971 (z=1.60)
PES0085,2010-01-26,0.2758847600370061,0.914315296126875,0.51410488187719,382,839,leak_site_count=1 (z=4.58); job_site_count=1 (z=6.00); external_email_size=189514 (z=0.99)
FKB0163,2010-07-19,0.475390430404567,0.9130630909799305,0.8541771330785807,383,463,job_site_count=3 (z=10.00); external_attachment_email_count=1 (z=2.87); external_email_count=4 (z=1.19)
XRS0633,2011-04-04,0.4121579117102228,0.9127615690429491,0.9973210422733643,384,379,leak_site_count=1 (z=7.68); external_attachment_email_count=1 (z=2.24); external_email_size=19262 (z=1.24)
PGC0066,2010-08-24,0.1588229563724126,0.9110089209060722,0.589102465899875,385,711,leak_site_count=1 (z=7.68); job_site_count=1 (z=3.01); external_email_size=20674 (z=0.78)
JAJ0849,2011-01-03,0.802007281675115,0.9083771732617082,1.2421783857164936,386,218,job_site_count=1 (z=6.00); external_attachment_email_count=1 (z=3.32); after_hours_http_count=1 (z=3.15)
DLH0029,2010-11-04,0.1350296337133614,0.9081602095674616,0.783898775679628,387,520,leak_site_count=2 (z=10.00); http_domain_count=5 (z=1.05); external_email_size=21947 (z=0.63)
KRL0501,2010-12-28,0.6016266336826839,0.9081116048948957,0.8293238287160497,388,484,usb_executable_count=1 (z=6.00); usb_file_count=5 (z=1.45); file_count=5 (z=1.45)
CIM0926,2010-11-16,0.590968406225612,0.9077345993549112,0.7506697913067061,389,554,leak_site_count=2 (z=6.09); external_attachment_email_count=2 (z=4.72); external_email_count=3 (z=0.99)
GDF0704,2011-01-18,1.3009648693176623,0.907649908826276,1.3009648693176623,390,195,external_attachment_email_count=1 (z=7.68); external_email_size=40016 (z=4.60); external_email_count=1 (z=4.36)
KKS0119,2010-04-20,0.11586979847162504,0.9075223188993488,0.4533529075350678,391,886,leak_site_count=2 (z=7.04); job_site_count=1 (z=4.36); logon_pc_count=1 (z=0.68)
RJM0381,2011-04-06,0.2697243740141672,0.9068861862322976,0.5071827355710271,392,845,leak_site_count=1 (z=7.68); job_site_count=1 (z=1.61); external_email_count=4 (z=1.33)
ASL0378,2011-03-16,0.22596229374153368,0.9065346117888153,0.7097278693465681,393,588,leak_site_count=1 (z=7.68); job_site_count=2 (z=2.13); external_email_size=50124 (z=0.97)
GHH0288,2010-05-17,0.40301124734749977,0.9063801753015145,1.2664011407039897,394,208,usb_executable_count=1 (z=7.68); usb_file_count=10 (z=1.57); file_count=10 (z=1.57)
ARB0834,2010-09-29,1.296482938275368,0.9045229801921173,1.296482938275368,395,197,external_attachment_email_count=1 (z=7.68); after_hours_http_count=1 (z=4.36); external_email_size=32871 (z=2.03)
ESH0135,2010-05-07,0.59643112845673,0.9044868338070209,0.9601387351932643,396,400,leak_site_count=1 (z=6.00); external_attachment_email_count=1 (z=3.00); external_email_count=1 (z=1.90)
XBN0229,2011-03-02,0.3993975871846002,0.9038590170483286,0.7771685553792328,397,526,leak_site_count=1 (z=7.68); external_attachment_email_count=2 (z=2.51); external_email_count=3 (z=1.14)
ADF0397,2010-09-14,0.39857122283278446,0.90328248377962,1.0137934659206678,398,365,leak_site_count=1 (z=7.68); external_attachment_email_count=1 (z=2.55); external_email_size=60866 (z=0.86)
PKB0429,2011-02-04,0.21177552499422805,0.8992286142776762,0.6935494392220929,399,605,leak_site_count=1 (z=7.68); job_site_count=1 (z=2.17); external_email_count=3 (z=0.98)
GZB0469,2010-03-15,1.2883216881579413,0.8988290847613545,1.2883216881579413,400,198,external_attachment_email_count=1 (z=7.68); external_email_size=50561 (z=4.63); external_email_count=1 (z=4.36)
LDB0090,2011-05-05,0.12017884456276333,0.8977991938809976,0.5856647977506398,401,716,leak_site_count=2 (z=10.00); http_domain_count=6 (z=0.89); external_email_size=24142 (z=0.51)
SHW0578,2010-03-24,1.2819591403107105,0.8943900978911934,1.2819591403107105,402,199,external_attachment_email_count=1 (z=7.68); external_email_count=1 (z=3.74); external_email_size=22993 (z=3.72)
AIS0405,2010-09-07,0.19308800595819878,0.8940047812492837,0.8528966850238091,403,464,leak_site_count=1 (z=7.68); job_site_count=1 (z=2.31); external_email_size=41615 (z=0.77)
BSB0990,2010-03-04,0.44678076574360664,0.893102859821121,0.7015139508824372,404,598,job_site_count=2 (z=10.00); external_email_count=6 (z=2.38); external_attachment_email_count=1 (z=1.80)
JMC0925,2011-02-22,0.7720187146119075,0.892497036531444,0.9992137600313432,405,378,job_site_count=2 (z=6.09); after_hours_http_count=4 (z=5.42); after_hours_logon_count=1 (z=3.00)
XHG0902,2010-10-01,0.5586866411201482,0.8923342315317184,0.7987453053350339,406,505,job_site_count=2 (z=8.64); external_attachment_email_count=1 (z=2.38); external_email_count=3 (z=2.56)
CGF0337,2010-06-08,0.3824716426226467,0.8920502185167333,0.40643273758132376,407,905,leak_site_count=1 (z=7.68); external_email_count=3 (z=2.45); external_email_size=100283 (z=1.45)
IIL0513,2010-01-24,0.9053635728480934,0.891656908673064,1.2379705077667225,408,222,job_site_count=1 (z=4.47); after_hours_http_count=3 (z=6.49); after_hours_email_count=3 (z=3.62)
SNS0129,2010-08-19,0.2230861775274731,0.8916387189613735,0.5746160491825861,409,731,leak_site_count=1 (z=7.68); job_site_count=2 (z=1.91); external_email_size=96698 (z=0.90)
LMF0980,2011-02-03,0.38124363390350324,0.8911934682475633,0.5396897506535628,410,808,leak_site_count=1 (z=7.68); external_attachment_email_count=2 (z=1.35); external_email_count=6 (z=1.60)
KCS0173,2011-03-16,1.2770870581353861,0.8909909707921299,1.2770870581353861,411,201,usb_file_count=6 (z=4.26); file_count=6 (z=4.26); unique_file_count=6 (z=4.26)
JAV0361,2010-04-28,0.5769892156494446,0.8909227085926357,0.7477591715440796,412,557,leak_site_count=1 (z=6.00); external_attachment_email_count=2 (z=2.68); external_email_count=4 (z=1.49)
BQS0525,2010-02-13,0.7763663463365241,0.8904881486068773,1.0531483110981446,413,334,job_site_count=1 (z=6.00); external_attachment_email_count=1 (z=1.91); after_hours_device_count=7 (z=1.45)
TTD1000,2010-08-24,0.3794667071904876,0.889953751936157,0.8671926142535833,414,452,leak_site_count=1 (z=7.68); external_attachment_email_count=1 (z=1.36); external_email_count=5 (z=1.50)
PBP0002,2010-06-09,0.3120767709451357,0.889742552265525,0.32705196024013344,415,938,leak_site_count=1 (z=5.39); job_site_count=1 (z=4.02); external_email_count=6 (z=2.07)
CMS0454,2010-12-01,1.2746975545952888,0.8893238752990388,1.2746975545952888,416,202,external_attachment_email_count=1 (z=7.68); external_email_size=28628 (z=4.36); external_email_count=1 (z=4.36)
BSS0463,2010-06-24,1.2738378352743374,0.8887240711216308,1.2738378352743374,417,203,external_attachment_email_count=1 (z=7.68); external_email_size=42898 (z=4.41); external_email_count=1 (z=4.36)
IJR0825,2010-10-08,1.2721609594789154,0.8875541577759876,1.2721609594789154,418,206,external_attachment_email_count=1 (z=7.68); after_hours_email_count=1 (z=4.36); external_email_size=37956 (z=2.47)
SMW0084,2010-05-28,0.26215836080697874,0.886475177566804,0.5807204521185222,419,725,leak_site_count=2 (z=8.64); external_attachment_email_count=1 (z=1.41); external_email_size=36375 (z=0.90)
EPW0434,2010-10-11,0.19292806161662254,0.8860193184024582,0.5855734542985487,420,717,leak_site_count=1 (z=5.39); job_site_count=1 (z=5.39); http_domain_count=8 (z=1.40)
FDE0117,2010-03-31,0.4331848969259104,0.8836173699483096,0.854295520057771,421,462,job_site_count=2 (z=10.00); external_attachment_email_count=3 (z=2.75); external_email_count=4 (z=0.85)
ALC0788,2010-08-24,0.43264057579141507,0.8832376110172663,0.9683241216703475,422,394,job_site_count=2 (z=10.00); after_hours_email_count=1 (z=2.87); http_domain_count=5 (z=2.30)
HAV0121,2010-09-02,0.3680971780742032,0.8820215223201447,0.6071598798238681,423,682,leak_site_count=1 (z=7.68); after_hours_email_count=3 (z=1.76); after_hours_http_count=2 (z=1.58)
NRD0548,2010-11-29,0.2713420331974586,0.8809918219190591,0.3032828112347397,424,960,leak_site_count=1 (z=7.68); job_site_count=1 (z=1.14); external_email_count=4 (z=1.42)
TMA0069,2010-03-30,0.3384475717819028,0.8801029163646065,0.5927548414032165,425,701,leak_site_count=1 (z=4.80); job_site_count=1 (z=4.36); external_attachment_email_count=1 (z=1.66)
NJB0243,2010-05-20,0.0924192468207351,0.8784320326656292,0.6867758185233074,426,608,leak_site_count=2 (z=10.00); external_email_size=28345 (z=0.67); logon_pc_count=1 (z=0.62)
SSH0799,2010-11-01,0.29513109689931455,0.8783758165047948,0.5874050901139592,427,714,leak_site_count=1 (z=6.00); job_site_count=3 (z=3.17); external_attachment_email_count=1 (z=1.43)
TDJ0998,2011-02-08,0.6293493766259181,0.8774083284592629,0.7908998861138303,428,512,leak_site_count=1 (z=5.39); external_attachment_email_count=2 (z=2.51); external_email_count=5 (z=1.99)
VLB0647,2010-08-24,0.6155465144534488,0.8760292977505809,0.8809552275933571,429,445,job_site_count=1 (z=7.68); external_attachment_email_count=1 (z=2.00); external_email_count=2 (z=2.06)
JNA0559,2010-06-29,0.22275404870247603,0.8760037256946983,0.3428575616402916,430,925,job_site_count=3 (z=8.95); leak_site_count=1 (z=2.46); http_domain_count=9 (z=1.51)
OYM0026,2011-04-19,0.12181614378244614,0.8757847948855767,0.6830238373167861,431,612,leak_site_count=2 (z=7.04); job_site_count=1 (z=3.74); external_email_size=38383 (z=0.71)
HWY0038,2010-04-09,0.3591378147031568,0.8757708036891819,0.5760779663298439,432,727,leak_site_count=1 (z=7.68); after_hours_logon_count=4 (z=1.38); external_email_count=4 (z=0.93)
AJL0462,2011-05-12,1.2538059675334872,0.8747483494419678,1.2538059675334872,433,213,after_hours_logon_count=1 (z=5.39); after_hours_http_count=1 (z=6.00); external_email_size=56784 (z=2.59)
KPR0497,2010-11-15,0.35618527932030936,0.8737108952825462,0.5085462187914358,434,843,leak_site_count=1 (z=7.68); external_attachment_email_count=4 (z=1.88); external_email_count=6 (z=1.25)
OSH0655,2010-07-09,0.5296426198295379,0.8720709608638507,1.0758142201078191,435,316,job_site_count=2 (z=8.64); after_hours_email_count=1 (z=2.12); external_email_size=26503 (z=1.55)
ARA0252,2011-02-21,0.3519558776156478,0.8716647618163503,0.5421371770047271,436,800,leak_site_count=1 (z=6.00); job_site_count=3 (z=2.37); external_attachment_email_count=2 (z=1.34)
JGM0934,2011-04-25,0.24070183272383397,0.8715055068111217,0.519549288469358,437,835,leak_site_count=2 (z=8.64); external_email_count=3 (z=1.07); http_domain_count=9 (z=1.48)
VAA0087,2011-02-11,0.41566386113264125,0.8713933914878893,0.627039892424826,438,661,job_site_count=3 (z=10.00); external_attachment_email_count=1 (z=1.70); external_email_count=3 (z=1.82)
KSP0966,2010-11-16,0.3517758900369956,0.8706345771779069,0.48941507058111783,439,861,leak_site_count=1 (z=7.68); external_email_count=1 (z=1.90); external_email_size=16720 (z=1.75)
LAM0911,2010-07-13,0.6544863521553571,0.8699534672831456,0.8130333412307776,440,498,job_site_count=2 (z=4.72); external_attachment_email_count=4 (z=3.93); leak_site_count=1 (z=1.71)
MSH0040,2010-11-04,0.5461236233141606,0.8693885744052282,0.5651934180655999,441,751,leak_site_count=1 (z=6.00); external_attachment_email_count=3 (z=2.01); external_email_count=6 (z=1.62)
HSD0457,2010-03-09,1.244472924384541,0.8682369239892146,1.244472924384541,442,216,external_attachment_email_count=1 (z=7.68); external_email_size=55080 (z=3.55); external_email_count=1 (z=3.32)
ASG0692,2010-12-14,1.2436181933111825,0.867640599984546,1.2436181933111825,443,217,after_hours_email_count=4 (z=10.00); after_hours_http_count=1 (z=5.39); external_attachment_email_count=1 (z=2.75)
MCJ0324,2010-04-29,0.33806816245755283,0.8667223471590152,0.5181595640100819,444,836,leak_site_count=3 (z=7.75); external_email_count=7 (z=1.45); external_attachment_email_count=1 (z=1.08)
JMW0638,2010-05-03,0.7869516624570408,0.8649138779813939,1.0369268426806773,445,346,job_site_count=2 (z=5.43); external_attachment_email_count=1 (z=3.00); external_email_count=3 (z=3.11)
SSS0345,2010-08-02,0.34256594355524367,0.8642090331208706,0.42162471638288523,446,901,leak_site_count=1 (z=7.68); external_email_count=2 (z=1.74); http_domain_count=5 (z=2.13)
LJB0826,2010-03-22,1.2383057385155658,0.8639342361736506,1.2383057385155658,447,221,external_attachment_email_count=1 (z=5.39); after_hours_email_count=1 (z=6.00); external_email_size=32734 (z=2.80)
LHB0606,2010-03-19,0.23008093960332185,0.863402698387893,0.4782343841648741,448,867,job_site_count=1 (z=7.68); leak_site_count=1 (z=3.15); external_email_count=8 (z=1.45)
KNG0672,2010-11-08,0.28738244341523983,0.8632900768013301,0.5407234334140291,449,806,leak_site_count=1 (z=6.00); job_site_count=1 (z=3.00); external_attachment_email_count=1 (z=1.15)
ACV0812,2010-11-08,0.59689704175107,0.8630180377256655,1.0495203136834836,450,339,job_site_count=1 (z=7.68); after_hours_logon_count=1 (z=1.66); external_attachment_email_count=1 (z=1.54)
MJM0510,2010-07-20,0.7351313813922881,0.8617195684132243,0.7567919233403794,451,548,job_site_count=1 (z=6.00); external_attachment_email_count=2 (z=5.43); external_email_count=2 (z=2.28)
KCF0045,2010-06-07,0.8249247448310046,0.8605312464771186,0.8249247448310046,452,490,external_attachment_email_count=2 (z=4.95); job_site_count=2 (z=4.90); external_email_count=4 (z=1.75)
FIR0920,2010-03-12,0.9389746796023806,0.8593487284451543,1.0197583676612938,453,359,after_hours_logon_count=1 (z=6.00); job_site_count=1 (z=3.51); after_hours_email_count=2 (z=4.72)
NBC0412,2010-09-15,0.29405950919654517,0.859254274287331,0.5582530760404131,454,767,job_site_count=1 (z=7.68); leak_site_count=1 (z=2.55); external_email_count=4 (z=1.29)
DSM0591,2010-12-15,0.59048569446163,0.8585450047330331,0.7571396529120715,455,546,job_site_count=1 (z=7.68); external_email_size=37460 (z=3.45); external_email_count=1 (z=3.32)
SVL0803,2010-10-11,0.5927107901424638,0.8572308576524941,0.6615552745249168,456,626,leak_site_count=1 (z=4.80); external_attachment_email_count=2 (z=4.57); external_email_count=4 (z=1.28)
HLH0512,2011-03-06,0.5082108923710845,0.8571185928695808,1.195951643013548,457,238,job_site_count=2 (z=8.64); after_hours_http_count=4 (z=3.06); after_hours_logon_count=1 (z=1.73)
JBM0350,2010-10-19,0.5269645528927868,0.8560217810879908,1.1944716436824103,458,241,leak_site_count=1 (z=6.00); after_hours_logon_count=1 (z=3.00); logon_pc_count=2 (z=1.94)
HTF0641,2011-04-15,0.5849870501631692,0.8547087412689908,0.9673458369087591,459,396,job_site_count=1 (z=7.68); after_hours_email_count=2 (z=4.39); external_attachment_email_count=1 (z=1.78)
LEM0605,2010-07-15,0.3913499168681874,0.8544301745592006,0.4744425637557785,460,871,job_site_count=2 (z=10.00); external_attachment_email_count=3 (z=2.38); external_email_count=5 (z=1.03)
DOL0332,2010-04-05,0.9478174444865616,0.8540950072205895,0.9478174444865616,461,407,external_attachment_email_count=2 (z=6.09); job_site_count=1 (z=3.32); external_email_count=3 (z=3.63)
SBD0913,2010-04-29,0.5836359456835093,0.8537661102366696,0.7309365302545129,462,569,job_site_count=1 (z=7.68); external_attachment_email_count=1 (z=3.32); external_email_size=16359 (z=1.57)
TPH0474,2010-06-22,0.5209196660508666,0.8518044181750232,0.561809129288653,463,757,leak_site_count=1 (z=6.00); external_email_count=1 (z=2.38); external_email_size=36322 (z=2.34)
CCM0855,2010-09-09,0.22117484022278253,0.8514363906168254,0.5936677284590509,464,700,leak_site_count=1 (z=7.68); job_site_count=1 (z=1.24); external_email_count=6 (z=1.21)
PID0426,2011-04-05,1.217768894263873,0.8496062053003764,1.217768894263873,465,228,after_hours_logon_count=1 (z=5.39); after_hours_http_count=1 (z=7.68); external_attachment_email_count=1 (z=1.35)
HWM0342,2010-10-11,0.9058356983226629,0.8495166143398777,0.9599243589082471,466,401,external_attachment_email_count=1 (z=6.00); job_site_count=1 (z=3.74); external_email_count=2 (z=2.78)
SVL0940,2010-07-12,0.37528194883556826,0.8477948976043355,0.5333500138948665,467,819,leak_site_count=2 (z=4.95); job_site_count=1 (z=3.15); external_email_count=6 (z=1.74)
CJF0802,2010-10-28,1.1043527769809776,0.847722593822492,1.1043527769809776,468,296,after_hours_http_count=1 (z=7.68); after_hours_logon_count=2 (z=4.22); external_attachment_email_count=2 (z=1.82)
TJB0302,2011-01-25,0.5144331950364828,0.847278973281267,1.1568821239184088,469,262,leak_site_count=1 (z=6.00); external_email_size=51313 (z=2.54); external_email_count=1 (z=2.38)
EIM0156,2010-03-12,0.5137298645852435,0.8467882776176117,1.0430586504114234,470,344,leak_site_count=1 (z=6.00); after_hours_email_count=1 (z=5.39); after_hours_logon_count=1 (z=1.53)
MHG0733,2010-06-04,0.20514602107799837,0.8466991265930969,0.2740606072045957,471,992,leak_site_count=2 (z=8.64); external_email_count=5 (z=1.12); external_email_size=137671 (z=0.80)
MMG0943,2010-08-30,0.1583154920205888,0.8463610044918332,0.5567797576284707,472,770,leak_site_count=4 (z=9.04); external_attachment_email_count=1 (z=0.56); external_email_size=26114 (z=0.67)
CSP0197,2011-05-04,0.3778627902553577,0.8450205513409472,0.5431938760407833,473,798,job_site_count=3 (z=10.00); external_attachment_email_count=2 (z=1.66); external_email_count=4 (z=1.27)
LBC0356,2011-05-04,0.5101826616619202,0.8443134848804094,0.5419673585224478,474,801,leak_site_count=1 (z=6.00); external_attachment_email_count=4 (z=2.09); external_email_count=6 (z=1.42)
DJS0682,2010-08-18,0.45494706604847684,0.843053740972877,0.8391857221027572,475,472,job_site_count=4 (z=9.04); after_hours_email_count=1 (z=4.36); external_email_count=3 (z=1.15)
TET0621,2010-12-07,0.1305062517802719,0.842784885158643,0.45295382309945015,476,887,leak_site_count=2 (z=4.95); job_site_count=1 (z=6.00); external_email_size=78764 (z=0.75)
KPP0452,2010-09-16,1.2044395990417627,0.840306697005881,1.2044395990417627,477,233,external_attachment_email_count=1 (z=7.68); external_email_count=1 (z=2.75); external_email_size=13129 (z=2.56)
FSC0601,2010-06-11,0.5018571887124775,0.8385050153807982,0.8352717302055436,478,478,usb_executable_count=1 (z=6.00); external_attachment_email_count=1 (z=1.71); usb_file_count=3 (z=1.02)
RHY0079,2010-05-14,0.30554339010831405,0.8383793446695245,0.5851478678173844,479,718,leak_site_count=1 (z=7.68); external_attachment_email_count=1 (z=1.95); external_email_size=134726 (z=0.69)
TYB0779,2010-07-15,0.5612883859283028,0.8381747894772232,0.7142260610574894,480,586,job_site_count=1 (z=7.68); external_attachment_email_count=1 (z=1.95); external_email_count=2 (z=2.39)
SSG0250,2011-04-19,0.17271223404108327,0.8374889154377333,0.6076472324423975,481,681,leak_site_count=1 (z=7.68); job_site_count=2 (z=1.58); external_attachment_email_count=1 (z=0.71)
CCM0467,2010-03-22,1.1994976521376106,0.8368588270727516,1.1994976521376106,482,235,external_attachment_email_count=1 (z=7.68); external_email_size=42877 (z=3.91); external_email_count=1 (z=3.74)
FRB0023,2010-11-23,0.30393156377851577,0.8353997127495195,0.48932867546285247,483,862,job_site_count=1 (z=7.68); leak_site_count=1 (z=2.17); external_attachment_email_count=2 (z=1.24)
LRW0970,2010-04-08,1.197041036750206,0.8351449093606089,1.197041036750206,484,237,external_attachment_email_count=1 (z=7.68); external_email_size=45256 (z=3.88); external_email_count=1 (z=3.74)
EGK0893,2010-02-26,0.3631849543601405,0.8347802007163772,0.9262533795323312,485,421,job_site_count=3 (z=10.00); external_email_count=2 (z=1.80); http_domain_count=5 (z=2.39)
MBR0724,2010-08-26,0.5562464643664613,0.8346571697829153,0.674324956125916,486,618,job_site_count=1 (z=7.68); external_email_count=1 (z=3.00); external_email_size=22405 (z=2.88)
NUL0471,2010-05-25,1.1953958279950243,0.8339970892988543,1.1953958279950243,487,239,external_attachment_email_count=1 (z=7.68); external_email_size=23930 (z=3.33); external_email_count=1 (z=3.32)
SRS0231,2010-04-13,0.6949435738127206,0.833681563125154,0.7989655181450789,488,504,after_hours_email_count=2 (z=10.00); job_site_count=1 (z=6.00); external_email_size=67635 (z=0.88)
CCH0182,2010-09-17,0.6078814122639399,0.8335737161919776,0.7168210131033527,489,582,job_site_count=2 (z=7.04); external_attachment_email_count=2 (z=3.81); external_email_count=2 (z=1.93)
TSB0437,2010-03-04,0.6947130691837593,0.8335207459421576,0.9118211484510925,490,429,job_site_count=1 (z=6.00); external_attachment_email_count=1 (z=4.32); external_email_count=2 (z=1.85)
ORG0339,2011-03-22,1.1946504822315924,0.8334770806266923,1.1946504822315924,491,240,external_attachment_email_count=2 (z=10.00); external_email_count=3 (z=2.80); external_email_size=77670 (z=1.50)
MIC0726,2010-06-08,0.29728023706026185,0.8326143541708834,0.4778556499734601,492,868,leak_site_count=1 (z=7.68); external_attachment_email_count=1 (z=0.81); external_email_count=4 (z=0.99)
AKH0758,2010-07-13,1.1923248650142728,0.831854556986702,1.1923248650142728,493,242,external_attachment_email_count=2 (z=8.64); external_email_count=3 (z=3.84); external_email_size=113381 (z=2.17)
JJM0203,2010-10-19,1.011315595652772,0.8318377306082851,1.011315595652772,494,368,usb_file_count=9 (z=2.23); job_site_count=1 (z=2.17); external_email_count=6 (z=2.00)
CRO0027,2010-12-20,1.004934678808111,0.8317019797795855,1.004934678808111,495,373,after_hours_logon_count=1 (z=5.39); after_hours_http_count=1 (z=6.00); job_site_count=1 (z=2.25)
FGW0853,2011-04-05,1.1915965113726652,0.8313464032832548,1.1915965113726652,496,243,after_hours_logon_count=2 (z=5.43); after_hours_http_count=1 (z=6.00); external_attachment_email_count=3 (z=1.75)
MAH0864,2010-11-15,0.35809642360099686,0.8312300629774397,0.624163213734414,497,663,job_site_count=2 (z=10.00); external_attachment_email_count=1 (z=1.41); external_email_count=7 (z=1.71)
AMH0464,2010-09-09,1.1895246815880978,0.829900940642859,1.1895246815880978,498,244,external_attachment_email_count=1 (z=7.68); external_email_size=29836 (z=3.76); external_email_count=1 (z=3.74)
JCW0858,2010-08-18,0.18433480548383185,0.8294939426942641,0.71680613158623,499,583,leak_site_count=1 (z=6.00); job_site_count=2 (z=3.66); external_email_count=4 (z=0.97)
TDG0962,2010-12-07,0.5479870258862676,0.8288947708432454,1.076093082360813,500,314,job_site_count=1 (z=7.68); external_email_size=35042 (z=3.04); external_email_count=1 (z=3.00)
RHP0484,2010-03-29,0.46725787169336724,0.8285467179781503,0.611420759064894,501,677,job_site_count=2 (z=8.64); external_attachment_email_count=1 (z=2.46); external_email_count=6 (z=1.66)
BCR0581,2010-11-22,1.186539701934507,0.8278183966984933,1.186539701934507,502,246,external_attachment_email_count=1 (z=7.68); external_email_count=1 (z=3.00); external_email_size=25072 (z=2.96)
ALH0402,2010-10-05,0.4656296234762352,0.8274107308499186,0.9311116144304558,503,418,job_site_count=2 (z=8.64); after_hours_email_count=1 (z=6.00); http_domain_count=8 (z=1.43)
ZFM0468,2011-02-10,1.185866923181225,0.8273490161729478,1.185866923181225,504,247,external_attachment_email_count=1 (z=7.68); external_email_size=42887 (z=3.36); external_email_count=1 (z=3.32)
AAF0791,2010-03-15,0.149289119452342,0.8268715673198578,0.2919108131088813,505,974,leak_site_count=1 (z=7.68); job_site_count=1 (z=1.68); external_email_size=52002 (z=0.67)
HMW0713,2010-10-26,1.1848833354842427,0.826662792198309,1.1848833354842427,506,248,external_attachment_email_count=1 (z=7.68); external_email_count=1 (z=3.00); external_email_size=18888 (z=2.92)
GRM0868,2011-05-11,0.17594728616735067,0.8263279161903194,0.28665389332318697,507,979,leak_site_count=2 (z=8.64); external_email_count=5 (z=0.95); external_email_size=177331 (z=0.77)
ZSL0305,2010-05-04,0.48427731447181016,0.8262399868407977,1.0396989660152687,508,345,leak_site_count=1 (z=6.00); external_email_count=1 (z=2.55); external_email_size=21336 (z=2.47)
SOG0411,2010-02-23,0.20614467551197882,0.8254745152191655,0.5313159593245126,509,822,leak_site_count=2 (z=5.55); job_site_count=1 (z=3.96); external_email_count=3 (z=0.93)
TIW0299,2010-11-02,1.1830226498322074,0.8253646394178191,1.1830226498322074,510,250,external_attachment_email_count=1 (z=7.68); external_email_count=1 (z=3.74); external_email_size=28858 (z=3.64)
ESA0642,2010-07-14,0.48057316012927215,0.8236556931134457,0.6736224077974126,511,620,leak_site_count=1 (z=6.00); after_hours_email_count=1 (z=2.65); after_hours_http_count=1 (z=2.07)
TCD0009,2011-03-15,0.3083724809664264,0.8202836721372332,0.5560642816929061,512,773,job_site_count=1 (z=6.00); leak_site_count=1 (z=3.15); external_email_count=4 (z=1.29)
CMB0912,2010-03-21,0.7457722581497128,0.8201498033754994,1.0039912201791312,513,374,leak_site_count=2 (z=3.68); after_hours_logon_count=2 (z=2.64); after_hours_http_count=11 (z=3.44)
CJM0521,2011-02-01,0.7256306338939105,0.8193449077826411,1.1708048032589196,514,255,external_attachment_email_count=1 (z=5.39); job_site_count=1 (z=5.39); external_email_count=2 (z=1.76)
RYB0718,2010-09-21,1.1739809552388119,0.8190564803991711,1.1739809552388119,515,253,external_attachment_email_count=1 (z=7.68); external_email_count=1 (z=3.74); external_email_size=16319 (z=3.50)
SPA0141,2010-06-22,1.1735846934181593,0.8187800186638321,1.1735846934181593,516,254,after_hours_logon_count=2 (z=4.27); after_hours_http_count=2 (z=4.90); external_attachment_email_count=3 (z=2.75)
KCB0815,2010-10-27,0.6500747201148743,0.8180437498625818,0.9268147550774523,517,420,job_site_count=7 (z=6.27); external_attachment_email_count=1 (z=3.74); external_email_count=4 (z=1.47)
RNL0695,2010-05-25,0.4308727411054973,0.8161127651123622,0.842618591471881,518,468,leak_site_count=3 (z=6.33); external_attachment_email_count=2 (z=2.53); external_email_count=3 (z=1.01)
CEL0561,2010-06-04,0.3360402409085011,0.8158420285408148,0.5608154759356255,519,763,job_site_count=2 (z=10.00); external_attachment_email_count=1 (z=1.59); external_email_size=69297 (z=0.87)
PSF0133,2010-08-09,0.8045070236510513,0.8147083271717028,0.8580929877331265,520,458,job_site_count=1 (z=4.36); external_email_count=2 (z=3.81); external_email_size=38853 (z=2.33)
KRL0062,2010-09-29,0.2712120130009235,0.8144272211062284,0.29276300960929685,521,972,leak_site_count=1 (z=7.68); external_email_count=7 (z=1.58); external_email_size=216191 (z=0.97)
PTH0830,2010-08-28,1.1671144127411952,0.8142658693543223,1.1671144127411952,522,256,after_hours_http_count=2 (z=8.64); after_hours_logon_count=1 (z=2.75); after_hours_email_count=1 (z=3.32)
CWB0065,2010-06-03,0.2693854340262057,0.813152863682007,0.5376170462452311,523,814,leak_site_count=1 (z=7.68); external_attachment_email_count=1 (z=0.81); logon_pc_count=2 (z=1.29)
SJW0451,2010-09-30,1.1632728652185287,0.8115857199199037,1.1632728652185287,524,257,external_email_count=1 (z=7.68); external_email_size=20579 (z=7.60); http_domain_count=2 (z=2.29)
EMS0317,2010-08-12,0.26352917797841896,0.8090671036486674,0.5672607197288794,525,746,leak_site_count=1 (z=7.68); external_attachment_email_count=1 (z=0.89); external_email_count=5 (z=0.95)
SJC0333,2011-02-09,0.5720495839221736,0.8085747661860941,0.7604027172134332,526,541,job_site_count=2 (z=7.04); external_attachment_email_count=2 (z=3.32); external_email_count=2 (z=1.76)
HCM0267,2011-04-05,0.703367169939574,0.8065785465193412,0.7651759507310191,527,534,usb_executable_count=2 (z=3.88); external_attachment_email_count=3 (z=2.80); external_email_count=6 (z=1.98)
MJB0588,2010-10-15,1.155665304306058,0.8062781192832964,1.155665304306058,528,263,external_attachment_email_count=1 (z=7.68); external_email_count=2 (z=4.27); external_email_size=54024 (z=2.76)
GQF0659,2011-01-04,0.4349631802600154,0.8060155379083699,1.0313735168455291,529,352,job_site_count=2 (z=8.64); external_email_count=2 (z=2.55); external_email_size=83736 (z=1.88)
SGS0268,2010-12-27,0.44497731572478255,0.8058803501682859,0.828639365844399,530,487,leak_site_count=2 (z=6.09); external_attachment_email_count=1 (z=2.55); external_email_size=49359 (z=0.96)
UCS0227,2011-03-15,0.646364850485741,0.8057463213247578,0.646364850485741,531,642,leak_site_count=1 (z=4.36); after_hours_http_count=1 (z=7.68); external_email_count=4 (z=1.25)
THD0448,2011-02-01,1.1538493539162795,0.8050111771508928,1.1538493539162795,532,264,external_attachment_email_count=1 (z=7.68); external_email_size=36952 (z=3.01); external_email_count=1 (z=3.00)
CJK0200,2010-09-15,0.25646395456766424,0.804137878013257,0.32465258928662327,533,941,leak_site_count=1 (z=7.68); external_email_count=4 (z=1.50); external_email_size=135052 (z=0.96)
BCM0653,2010-11-09,1.1523249378111626,0.8039476310310437,1.1523249378111626,534,266,external_attachment_email_count=2 (z=8.64); after_hours_email_count=2 (z=3.23); external_email_count=2 (z=1.93)
ICS0956,2010-12-27,1.1522456900910398,0.8038923419239814,1.1522456900910398,535,267,external_attachment_email_count=1 (z=7.68); external_email_size=34139 (z=3.12); external_email_count=1 (z=3.00)
NKH0807,2010-06-08,0.7030334481435166,0.8035794293521339,0.8014488820370946,536,503,job_site_count=1 (z=5.39); after_hours_email_count=6 (z=3.51); external_attachment_email_count=1 (z=1.59)
CBB0365,2011-04-27,0.29307203873334847,0.8004480098374654,0.7858619433951207,537,519,leak_site_count=1 (z=6.00); external_attachment_email_count=1 (z=2.00); job_site_count=2 (z=1.85)
KNB0022,2011-02-21,0.3382045148862384,0.8004139229092353,0.5203400213558302,538,834,leak_site_count=3 (z=6.93); external_attachment_email_count=1 (z=1.26); external_email_count=3 (z=1.09)
NSC0597,2010-10-25,1.1469799947981545,0.8002186010219683,1.1469799947981545,539,271,external_attachment_email_count=1 (z=7.68); external_email_size=38617 (z=3.16); external_email_count=1 (z=3.00)
TQS0212,2010-12-08,0.31260743668519925,0.799493560478046,0.5206980759298677,540,833,job_site_count=2 (z=10.00); external_attachment_email_count=2 (z=1.31); external_email_count=4 (z=0.90)
RIH0777,2010-07-22,0.5055565206802074,0.7992920927925057,0.840779987574507,541,471,job_site_count=1 (z=7.68); external_attachment_email_count=1 (z=3.74); external_email_size=33782 (z=1.31)
SED0886,2010-04-14,0.5584514351592341,0.7990876856538107,0.9576516070782043,542,403,job_site_count=2 (z=7.04); external_attachment_email_count=1 (z=2.38); external_email_count=2 (z=2.03)
JOL0024,2010-02-04,0.8422240280028043,0.7990694786004822,0.8422240280028043,543,470,external_attachment_email_count=4 (z=6.54); leak_site_count=1 (z=2.60); external_email_count=5 (z=2.07)
WLV0566,2011-01-20,0.7413642963627383,0.7988776740822318,0.7413642963627383,544,561,external_attachment_email_count=1 (z=5.39); leak_site_count=1 (z=1.77); job_site_count=2 (z=2.36)
FUM0015,2010-07-06,0.23559535695383496,0.7987646131945774,0.8644117343123052,545,454,job_site_count=1 (z=7.68); leak_site_count=2 (z=2.31); external_attachment_email_count=2 (z=0.64)
AES0827,2010-12-13,1.144413784028041,0.7984282214149124,1.144413784028041,546,272,after_hours_email_count=1 (z=7.68); after_hours_http_count=1 (z=6.00); external_email_size=34545 (z=2.60)
SOB0360,2010-05-12,0.24756061534122734,0.7979262459948128,0.49038682539923917,547,859,leak_site_count=1 (z=7.68); external_email_count=7 (z=1.84); external_email_size=157261 (z=0.90)
NCE0097,2011-04-25,0.41045848443885496,0.7968767735354267,0.6753982396505861,548,617,leak_site_count=2 (z=5.43); external_attachment_email_count=1 (z=2.11); job_site_count=1 (z=1.17)
ADD0846,2010-01-27,1.1416816859448322,0.7965221064731388,1.1416816859448322,549,273,after_hours_http_count=1 (z=6.00); external_attachment_email_count=1 (z=3.24); http_domain_count=2 (z=4.32)
GMF0738,2010-04-28,0.2446297345333327,0.7958814454311651,0.29100619705357006,550,975,leak_site_count=1 (z=7.68); external_email_count=7 (z=1.44); external_email_size=283782 (z=0.92)
TUC0632,2011-05-03,0.3068321780072604,0.7954643102376237,0.7075624395674082,551,590,job_site_count=2 (z=10.00); after_hours_email_count=2 (z=3.68); http_domain_count=3 (z=1.72)
HSP0290,2011-05-16,1.1399860794543824,0.7953391252007318,1.1399860794543824,552,274,external_attachment_email_count=1 (z=7.68); external_email_size=31513 (z=2.41); external_email_count=1 (z=2.38)
MDH0686,2011-05-14,0.7845464454546435,0.7950866080903375,1.028619878684931,553,354,leak_site_count=1 (z=2.24); external_attachment_email_count=4 (z=2.57); after_hours_logon_count=2 (z=1.90)
MES0407,2010-12-21,0.29247057225215733,0.7941206102182197,0.6120111627119685,554,676,leak_site_count=3 (z=7.25); external_email_count=3 (z=1.17); external_attachment_email_count=1 (z=0.81)
BTW0005,2010-05-19,0.30482128164994454,0.794061359290659,0.42021844835231864,555,902,job_site_count=8 (z=10.00); external_email_count=13 (z=1.54); external_attachment_email_count=4 (z=1.22)
NMG0766,2011-01-28,1.1378377265598916,0.7938402743441104,1.1378377265598916,556,275,external_attachment_email_count=2 (z=10.00); external_email_count=2 (z=1.82); external_email_size=53502 (z=1.37)
RAG0275,2010-04-20,0.31587498236132666,0.7936364621049157,0.5574152651955473,557,769,leak_site_count=2 (z=7.04); external_attachment_email_count=1 (z=1.78); external_email_size=57514 (z=0.74)
ALD0529,2011-01-31,0.8253522558118074,0.7933653753788158,0.8253522558118074,558,489,external_attachment_email_count=3 (z=5.28); job_site_count=1 (z=3.74); external_email_count=3 (z=2.55)
NCK0421,2010-11-24,0.22776624913323054,0.7932006804668558,0.29920984945344536,559,965,job_site_count=1 (z=7.68); leak_site_count=1 (z=2.31); external_email_count=6 (z=1.68)
HKF0831,2010-10-14,1.134611475916634,0.7915894018023028,1.134611475916634,560,278,external_attachment_email_count=1 (z=4.36); after_hours_http_count=1 (z=6.00); external_email_size=33515 (z=2.28)
SCF0608,2010-05-25,0.42445219729036454,0.7915605000977616,0.567172308686116,561,748,leak_site_count=2 (z=6.09); external_attachment_email_count=2 (z=2.34); external_email_count=9 (z=1.52)
BHW0458,2010-04-16,1.133318716085331,0.7906874763386031,1.133318716085331,562,279,external_attachment_email_count=1 (z=7.68); external_email_size=28786 (z=3.37); external_email_count=1 (z=3.32)
SMH0291,2011-02-27,1.1304270850857359,0.7886700593621413,1.1304270850857359,563,281,external_attachment_email_count=1 (z=5.39); after_hours_logon_count=2 (z=1.59); after_hours_http_count=1 (z=2.65)
BAK0964,2011-02-04,1.1301714723636405,0.7884917249048655,1.1301714723636405,564,282,external_attachment_email_count=1 (z=7.68); external_email_count=1 (z=3.32); external_email_size=27466 (z=3.27)
GAF0060,2010-10-19,1.1298896513986023,0.7882951056269318,1.1298896513986023,565,283,after_hours_email_count=4 (z=10.00); after_hours_http_count=1 (z=7.68); external_email_count=3 (z=1.05)
BTL0722,2010-07-12,0.7923105548089606,0.7864620101944549,1.0995528298692878,566,299,external_attachment_email_count=1 (z=4.36); job_site_count=1 (z=4.02); external_email_count=1 (z=2.11)
CCW0524,2011-01-21,0.6701053516913058,0.7833931960518112,0.7222574572291022,567,575,job_site_count=2 (z=5.43); external_attachment_email_count=1 (z=3.74); external_email_count=2 (z=2.33)
ALD0544,2010-08-18,0.4225796238070125,0.7831950863769854,0.5907455018111641,568,706,leak_site_count=1 (z=6.00); external_attachment_email_count=3 (z=2.30); external_email_count=3 (z=1.01)
AKW0167,2010-09-23,0.09514576267008511,0.7829168375818133,0.6186498784790834,569,669,job_site_count=1 (z=7.68); leak_site_count=1 (z=3.32); http_domain_count=7 (z=1.11)
QRM0739,2010-07-27,0.5207913987775177,0.7818163735056226,0.7015644010678453,570,597,usb_executable_count=1 (z=4.36); external_attachment_email_count=2 (z=1.68); job_site_count=1 (z=1.10)
RMS0266,2010-05-03,0.22202587728174772,0.7801113124649433,0.2837380145024622,571,983,leak_site_count=1 (z=7.68); external_email_count=3 (z=0.94); external_email_size=88584 (z=0.83)
HWH0646,2011-01-12,0.6176589850390101,0.779762082585356,0.8758255395520095,572,449,job_site_count=1 (z=6.00); external_email_count=3 (z=2.99); external_attachment_email_count=1 (z=1.81)
CSL0949,2010-05-05,0.41654633963712034,0.7789858183514793,0.5908145817963564,573,705,leak_site_count=1 (z=6.00); http_domain_count=2 (z=3.00); external_email_count=1 (z=1.81)
SAC0687,2011-01-20,0.8235291534796648,0.7788053381269806,0.9654342616015642,574,397,after_hours_email_count=1 (z=6.00); job_site_count=1 (z=3.51); external_attachment_email_count=2 (z=3.25)
JKB0126,2010-09-29,1.1160621418743266,0.7786480059588325,1.1160621418743266,575,286,after_hours_email_count=3 (z=10.00); after_hours_http_count=3 (z=7.75); external_email_count=4 (z=1.42)
MNC0717,2010-05-12,1.1152482227525864,0.7780801554087813,1.1152482227525864,576,288,external_attachment_email_count=1 (z=7.68); external_email_size=27108 (z=3.38); external_email_count=1 (z=3.32)
KJW0416,2011-04-26,0.15441131841110256,0.7777751942101708,0.3177149885557097,577,944,leak_site_count=2 (z=4.39); job_site_count=1 (z=5.39); http_domain_count=6 (z=1.19)
IJM0139,2010-03-03,0.4142273605479976,0.7773679259637192,0.6110943669262618,578,678,leak_site_count=1 (z=6.00); external_email_count=1 (z=2.07); external_email_size=26183 (z=2.05)
MLG0475,2010-05-07,1.1140794288110858,0.7772647177751761,1.1140794288110858,579,290,external_attachment_email_count=1 (z=7.68); external_email_size=28742 (z=2.79); external_email_count=1 (z=2.75)
ALB0892,2010-03-20,1.1128867674240739,0.7764326284354005,1.1128867674240739,580,291,external_attachment_email_count=1 (z=5.39); after_hours_logon_count=1 (z=1.90); after_hours_email_count=3 (z=2.98)
CIG0052,2010-03-18,0.39221246423635114,0.7761894569616272,0.7484442850737629,581,556,job_site_count=2 (z=8.64); external_attachment_email_count=1 (z=2.75); external_email_size=51635 (z=0.87)
FXF0957,2010-01-18,1.1122117185223452,0.7759616640853573,1.1122117185223452,582,293,external_attachment_email_count=1 (z=6.00); external_email_count=1 (z=3.61); external_email_size=21511 (z=3.53)
LNS0989,2010-09-10,0.4002323673300879,0.7746629443115219,0.5561914544079957,583,772,leak_site_count=2 (z=6.09); external_attachment_email_count=3 (z=2.00); external_email_count=4 (z=1.38)
JRL0574,2011-03-15,0.46923476982025397,0.7739513363785847,0.5756774580854993,584,728,job_site_count=1 (z=7.68); external_email_size=34526 (z=2.27); external_email_count=1 (z=2.24)
KES0729,2010-10-07,0.38627477240774244,0.7720468812672492,0.5735903665318342,585,733,job_site_count=2 (z=8.64); external_attachment_email_count=3 (z=2.21); external_email_count=3 (z=0.84)
DAG0558,2011-01-07,0.46560671909671236,0.7714201381993695,0.6047898508797614,586,684,job_site_count=1 (z=7.68); external_attachment_email_count=3 (z=2.89); external_email_count=3 (z=0.95)
GRC0145,2010-12-27,0.2094272278674302,0.7713215570596055,0.5264407668624961,587,827,leak_site_count=1 (z=7.68); external_email_count=3 (z=0.93); external_email_size=73007 (z=0.82)
NIH0969,2011-02-22,1.1042500462384306,0.7704070090035562,1.1042500462384306,588,297,external_attachment_email_count=1 (z=7.68); external_email_count=1 (z=2.24); external_email_size=24387 (z=2.22)
YDN0198,2010-11-11,0.40365461421171495,0.7699915913104988,0.562613299125093,589,755,leak_site_count=1 (z=6.00); external_attachment_email_count=2 (z=1.91); external_email_count=4 (z=1.43)
KBS0874,2010-07-27,0.26967789766605704,0.7695427193019003,0.47696253307436637,590,869,job_site_count=9 (z=10.00); external_attachment_email_count=2 (z=0.96); external_email_size=93680 (z=0.79)
KVS0425,2011-01-05,0.09420735941463176,0.7693000603163296,0.7623093702160717,591,539,leak_site_count=2 (z=8.64); logon_pc_count=1 (z=0.79); http_domain_count=4 (z=0.84)
RVC0232,2010-08-12,1.102636060101901,0.7692809721641171,1.102636060101901,592,298,after_hours_email_count=3 (z=10.00); after_hours_http_count=1 (z=5.39); external_attachment_email_count=1 (z=1.95)
ARL0034,2010-07-06,0.20571723482699586,0.7687331898220932,0.5654561308253822,593,749,leak_site_count=1 (z=7.68); external_attachment_email_count=1 (z=0.98); external_email_size=29877 (z=0.63)
LNR0656,2010-11-08,0.4615634005271187,0.768599218267095,0.6165384282035884,594,672,job_site_count=1 (z=7.68); external_email_count=2 (z=1.97); after_hours_http_count=1 (z=2.24)
CYA0506,2010-05-20,0.2681770602164095,0.7684956234067974,0.4028554151031007,595,908,job_site_count=2 (z=10.00); external_email_size=29998 (z=1.40); external_email_count=1 (z=1.05)
NNS0059,2010-09-20,0.8962078882158663,0.7684092358219996,0.8976022263467233,596,438,after_hours_http_count=1 (z=7.68); external_attachment_email_count=4 (z=2.81); job_site_count=1 (z=2.46)
NAB0903,2010-10-04,0.26790804639396554,0.7683079393446272,0.4003209072569706,597,910,job_site_count=4 (z=10.00); http_domain_count=6 (z=2.94); external_email_size=41389 (z=0.97)
ONL0276,2011-05-06,0.1863588286801322,0.767438313514246,0.7658399798913874,598,533,job_site_count=1 (z=7.68); leak_site_count=2 (z=2.34); external_email_size=82966 (z=0.88)
FSB0399,2010-08-23,1.0992913643797255,0.7669474635207387,1.0992913643797255,599,300,after_hours_email_count=2 (z=8.64); after_hours_http_count=1 (z=7.68); external_attachment_email_count=1 (z=0.93)
NAB0801,2010-01-22,0.9181079755373981,0.766698878365761,0.9181079755373981,600,426,external_attachment_email_count=3 (z=8.49); job_site_count=2 (z=2.17); external_email_count=5 (z=1.51)
NCO0666,2011-05-16,0.3987745165682568,0.7665868720243652,0.5653427775213445,601,750,leak_site_count=1 (z=6.00); external_attachment_email_count=1 (z=1.56); external_email_count=3 (z=1.49)
ABC0253,2010-08-18,0.5914796200766247,0.7665395287161303,0.856811571700601,602,459,job_site_count=2 (z=6.09); external_attachment_email_count=1 (z=4.36); external_email_count=6 (z=1.90)
RGN0408,2011-05-06,0.20834185463364271,0.7664289583532495,0.6196638723809692,603,667,job_site_count=3 (z=8.95); leak_site_count=1 (z=1.24); external_email_size=65263 (z=0.87)
SOF0808,2010-07-13,0.457363796189792,0.765669261752681,0.8153798797159825,604,497,job_site_count=1 (z=7.68); external_email_count=5 (z=1.94); after_hours_http_count=3 (z=2.56)
GAF0570,2011-01-19,0.5092446338345394,0.7647573591482097,0.7341971145683112,605,567,job_site_count=2 (z=7.04); external_attachment_email_count=2 (z=2.31); external_email_count=5 (z=2.17)
MLP0668,2010-05-11,0.27349330662532784,0.7640678511263116,0.5492453225483321,606,786,leak_site_count=2 (z=7.04); external_email_size=51549 (z=0.92); http_domain_count=8 (z=1.37)
MCS0035,2010-04-14,0.1989150738413813,0.7639874961111992,0.276474496756947,607,990,leak_site_count=1 (z=7.68); external_email_count=4 (z=0.79); external_email_size=138374 (z=0.77)
QSV0778,2011-04-12,0.2615467845819675,0.7638698497083494,0.45002888308990235,608,889,job_site_count=2 (z=10.00); http_domain_count=4 (z=2.06); external_email_size=30526 (z=1.13)
HSG0818,2010-12-29,0.4545300538970136,0.7636922322460914,0.7941735802929469,609,508,job_site_count=1 (z=7.68); after_hours_email_count=2 (z=2.24); after_hours_http_count=2 (z=1.57)
OKB0439,2010-10-12,0.28239463886764044,0.7625205615218008,0.5847322577147579,610,720,job_site_count=3 (z=9.73); external_attachment_email_count=1 (z=0.89); external_email_size=77516 (z=0.88)
MIM0712,2010-03-17,1.092591508284435,0.7622731453147221,1.092591508284435,611,305,external_attachment_email_count=1 (z=5.39); external_email_size=43990 (z=4.56); external_email_count=1 (z=4.36)
TOR0193,2010-05-07,0.18827649732896126,0.7622165342786025,0.5227891227677847,612,831,leak_site_count=3 (z=7.75); external_email_size=76265 (z=0.78); http_domain_count=6 (z=1.02)
SAC0592,2010-03-10,1.0915602978640684,0.7615536961842337,1.0915602978640684,613,306,external_attachment_email_count=1 (z=7.68); external_email_size=117003 (z=3.23); external_email_count=1 (z=2.75)
JPW0741,2010-06-04,0.2575053108639605,0.7610502168818329,0.3137650580502019,614,948,job_site_count=8 (z=10.00); external_email_count=5 (z=1.37); external_email_size=180895 (z=0.96)
JSA0775,2011-01-28,0.4499696330584912,0.7605105432889828,0.6967419838567969,615,603,job_site_count=1 (z=7.68); external_attachment_email_count=1 (z=1.86); external_email_count=2 (z=1.71)
WKF0012,2010-10-19,0.2562730879252405,0.7601905264594702,0.5671745668917324,616,747,job_site_count=3 (z=10.00); external_attachment_email_count=2 (z=1.00); external_email_size=95078 (z=0.69)
ILR0304,2010-07-06,1.0888415257285684,0.7596568784152803,1.0888415257285684,617,308,external_attachment_email_count=1 (z=7.68); external_email_count=1 (z=3.00); external_email_size=21750 (z=2.94)
SDF0017,2010-04-13,0.2794773944623932,0.7594553103294958,0.8079081175622913,618,500,job_site_count=1 (z=7.68); leak_site_count=1 (z=1.45); external_email_count=3 (z=1.56)
BLL0929,2010-12-28,0.25511545702951405,0.7593828769973354,0.5499134923528862,619,784,job_site_count=2 (z=10.00); external_email_count=4 (z=1.80); external_email_size=94058 (z=1.11)
BWH0813,2010-09-03,0.4478890803789624,0.7590589949079162,0.703132376334923,620,595,job_site_count=1 (z=7.68); after_hours_email_count=5 (z=3.75); external_attachment_email_count=1 (z=0.99)
ORM0669,2010-08-20,0.25421461932744666,0.7587543855772884,0.5732165404467772,621,737,job_site_count=2 (z=10.00); external_email_count=3 (z=1.10); external_attachment_email_count=1 (z=0.71)
MNR0829,2011-01-21,1.087365063614078,0.7586267885679613,1.087365063614078,622,309,external_attachment_email_count=1 (z=4.36); after_hours_http_count=1 (z=4.36); external_email_count=1 (z=3.00)
CKP0721,2010-08-16,0.4441750328727561,0.7564677989733537,0.5734505999293041,623,734,job_site_count=1 (z=7.68); external_email_size=34916 (z=2.19); external_email_count=1 (z=2.11)
AOB0019,2010-08-26,0.3434808258987958,0.75514166147978,0.6995173446989468,624,599,leak_site_count=3 (z=6.33); external_attachment_email_count=1 (z=2.05); external_email_size=52538 (z=0.84)
IMB0481,2010-02-18,0.2482875193061023,0.7546191995158854,0.46986544087814647,625,876,job_site_count=2 (z=10.00); external_email_count=6 (z=0.94); external_attachment_email_count=1 (z=0.58)
JSH0330,2011-04-12,0.9257329077084293,0.7543453801488816,0.9257329077084293,626,422,external_attachment_email_count=1 (z=7.68); job_site_count=1 (z=1.87); external_email_count=2 (z=1.64)
ECL0930,2010-01-29,0.33763221116517017,0.753915360273212,0.5609856471217474,627,761,leak_site_count=3 (z=5.02); job_site_count=1 (z=1.89); external_attachment_email_count=2 (z=1.56)
AKK0329,2010-07-15,0.4394509179279949,0.7531719048258457,0.6835757565368449,628,611,job_site_count=1 (z=7.68); external_attachment_email_count=1 (z=1.57); external_email_count=2 (z=1.55)
KKC0683,2011-03-15,0.412369648605129,0.7518950897584326,0.9863855905297733,629,386,job_site_count=1 (z=5.39); leak_site_count=1 (z=1.86); after_hours_http_count=1 (z=4.02)
LAP0338,2010-04-08,0.4368297644053063,0.7513431930658304,1.0556512567138907,630,331,job_site_count=1 (z=7.68); external_attachment_email_count=1 (z=2.75); external_email_count=2 (z=1.73)
HDD0789,2011-05-02,0.07415078186163637,0.7510443804937558,0.5383972890338502,631,812,job_site_count=2 (z=8.64); leak_site_count=3 (z=2.42); logon_pc_count=1 (z=0.68)
FWM0707,2011-03-29,1.0758674822204222,0.750605220153783,1.0758674822204222,632,315,external_attachment_email_count=1 (z=7.68); external_email_size=40727 (z=2.35); external_email_count=1 (z=2.24)
MSG0839,2010-09-27,1.0753908440410545,0.7502726818891078,1.0753908440410545,633,318,after_hours_email_count=1 (z=7.68); after_hours_http_count=1 (z=5.39); external_email_size=35482 (z=2.24)
KJA0152,2011-03-07,0.1787211936923145,0.7498987425188276,0.27663915934556454,634,989,leak_site_count=1 (z=7.68); external_email_size=93401 (z=0.71); external_email_count=3 (z=0.65)
OKC0107,2011-02-14,0.5664776434006739,0.7490962891747691,0.5728075120868593,635,738,job_site_count=2 (z=6.09); external_attachment_email_count=4 (z=3.64); external_email_count=5 (z=1.64)
ZCF0590,2010-10-27,0.43283349448151903,0.7485550977701649,0.5338755195462025,636,818,job_site_count=1 (z=7.68); external_email_count=1 (z=2.55); external_email_size=24158 (z=2.49)
AAE0190,2011-05-03,0.20715337366934203,0.7481628762014207,0.5621650231706005,637,756,leak_site_count=2 (z=6.09); job_site_count=2 (z=1.86); external_attachment_email_count=1 (z=0.77)
KAT0489,2010-03-17,0.4319956278910711,0.747970539683806,0.48953520299509684,638,860,job_site_count=1 (z=7.68); external_attachment_email_count=5 (z=2.38); external_email_count=6 (z=1.45)
OQH0183,2010-10-11,1.071896191261426,0.7478345520428554,1.071896191261426,639,320,external_attachment_email_count=1 (z=7.68); external_email_count=2 (z=2.51); external_email_size=65545 (z=1.87)
DCC0160,2011-04-26,0.4670154163006633,0.7475369669112237,0.5441237446319839,640,796,leak_site_count=3 (z=5.18); external_attachment_email_count=3 (z=2.01); external_email_count=11 (z=2.04)
SBK0161,2010-07-29,0.23772574861894755,0.7472505222922889,0.5529119992851309,641,777,job_site_count=2 (z=10.00); external_attachment_email_count=2 (z=1.20); http_domain_count=11 (z=1.12)
ASM0575,2010-06-08,0.5709325101671364,0.7471622163956766,1.0652154672018639,642,325,job_site_count=1 (z=6.00); external_attachment_email_count=1 (z=3.00); external_email_size=26500 (z=1.66)
JOM0750,2010-08-12,0.17373832383894205,0.7464223216908928,0.27278191835753063,643,993,leak_site_count=1 (z=7.68); external_email_size=91267 (z=0.80); external_email_count=3 (z=0.59)
ZSK0258,2010-04-05,0.42844888007393905,0.7454960644625509,0.7889775613662087,644,515,job_site_count=1 (z=7.68); external_attachment_email_count=1 (z=2.25); external_email_count=3 (z=1.12)
ORB0473,2011-02-25,1.0684952678524369,0.7454618147807699,1.0684952678524369,645,321,external_attachment_email_count=1 (z=7.68); external_email_size=44925 (z=2.97); external_email_count=1 (z=2.75)
SAH0599,2011-04-19,1.0680482704666228,0.7451499561395042,1.0680482704666228,646,322,external_attachment_email_count=1 (z=7.68); external_email_size=44860 (z=2.39); external_email_count=1 (z=2.24)
OLF0504,2010-03-25,0.17163198185354603,0.744952780770849,0.28206981088346433,647,985,leak_site_count=1 (z=7.68); external_email_count=4 (z=0.79); external_email_size=122105 (z=0.69)
BDB0453,2011-03-02,0.4276453792428326,0.7449354824873605,0.9092826573232718,648,433,job_site_count=1 (z=7.68); external_email_size=30018 (z=2.38); external_email_count=1 (z=2.38)
WRM0963,2010-07-21,1.067687715661314,0.7448984062753354,1.067687715661314,649,323,external_attachment_email_count=1 (z=7.68); external_email_count=1 (z=2.38); external_email_size=24060 (z=2.34)
KVT0028,2010-07-19,0.36354257827262443,0.7447823498076633,0.6849914892397541,650,610,leak_site_count=3 (z=6.03); external_attachment_email_count=1 (z=1.24); external_email_count=4 (z=1.42)
WTR0563,2011-04-18,0.21511021606272118,0.7445066410837403,0.32993831600561724,651,936,job_site_count=1 (z=7.68); leak_site_count=1 (z=1.82); external_email_count=3 (z=1.05)
SIJ0661,2011-02-16,0.23320632234332783,0.7440974341930194,0.5612815066524519,652,760,job_site_count=4 (z=10.00); external_email_count=6 (z=1.21); external_email_size=186200 (z=0.87)
CSH0626,2010-11-28,1.0652276030199055,0.7431820486185388,1.0652276030199055,653,324,after_hours_email_count=9 (z=4.68); after_hours_logon_count=2 (z=2.73); after_hours_http_count=8 (z=4.42)
QNF0205,2010-06-01,0.4247152534935452,0.7428912087087879,0.6467064191363724,654,641,job_site_count=1 (z=7.68); external_attachment_email_count=1 (z=2.24); external_email_count=4 (z=1.55)
WTF0387,2010-07-22,0.3638568668905744,0.7422257210864471,0.6014981510249088,655,691,leak_site_count=1 (z=6.00); external_attachment_email_count=1 (z=1.74); external_email_count=3 (z=1.06)
WSR0241,2010-07-23,0.2301343577758701,0.7419542030994444,0.691276595531348,656,607,job_site_count=3 (z=10.00); external_attachment_email_count=1 (z=0.71); http_domain_count=9 (z=1.39)
FBA0348,2010-10-01,1.0617700571033533,0.7407698072814093,1.0617700571033533,657,328,after_hours_logon_count=1 (z=6.00); after_hours_email_count=1 (z=6.00); external_email_count=8 (z=1.61)
CLS0296,2011-03-16,0.42133513083937263,0.7405329836012255,0.5893874760093136,658,709,job_site_count=1 (z=7.68); external_email_size=32700 (z=2.31); external_email_count=1 (z=2.24)
ARD0509,2010-02-09,0.5588261363531636,0.7387159090836025,0.9536089523244821,659,406,job_site_count=1 (z=6.00); external_attachment_email_count=1 (z=2.24); external_email_count=2 (z=1.86)
GLR0975,2011-01-18,0.24324621639979685,0.7382590081205244,0.5694404177967215,660,745,job_site_count=2 (z=6.00); leak_site_count=2 (z=2.70); external_attachment_email_count=1 (z=0.87)
YIC0195,2010-09-25,1.0565617888009735,0.7371361317216095,1.0565617888009735,661,330,after_hours_logon_count=3 (z=3.41); after_hours_email_count=7 (z=3.76); after_hours_http_count=9 (z=3.49)
RAS0432,2010-02-18,0.3558364143959806,0.7366300565553353,0.5563936571354092,662,771,leak_site_count=1 (z=6.00); external_email_count=4 (z=1.54); external_attachment_email_count=1 (z=1.15)
JIM0095,2011-01-04,0.4525006363394563,0.7343987190096184,0.6290663735257654,663,658,leak_site_count=2 (z=3.02); job_site_count=2 (z=2.97); external_attachment_email_count=1 (z=2.55)
EBC0390,2011-04-04,0.30632175968918074,0.7343536848565841,0.3327678879417932,664,934,leak_site_count=1 (z=6.00); external_email_count=5 (z=1.93); external_email_size=207604 (z=1.16)
GCC0945,2010-03-09,1.0521404280872029,0.734051461456188,1.0521404280872029,665,335,external_attachment_email_count=1 (z=7.68); external_email_size=26671 (z=1.90); external_email_count=1 (z=1.90)
JER0404,2011-02-02,1.0510767872262752,0.7333093864369362,1.0510767872262752,666,336,after_hours_http_count=1 (z=7.68); after_hours_email_count=1 (z=7.68); external_email_count=5 (z=1.73)
NLO0131,2010-12-16,0.46376361893513324,0.7330264185207171,0.5503495269791235,667,783,job_site_count=2 (z=7.04); external_email_count=1 (z=2.24); external_email_size=22582 (z=2.12)
KWC0004,2010-07-12,0.2978560219094583,0.7329277935221628,0.5386955973830244,668,810,leak_site_count=1 (z=6.00); external_email_count=12 (z=1.11); external_attachment_email_count=1 (z=0.84)
TBT0461,2010-05-25,1.0504244435203471,0.7328542629211725,1.0504244435203471,669,337,external_attachment_email_count=1 (z=7.68); external_email_count=1 (z=2.38); external_email_size=24749 (z=2.38)
KSH0569,2010-12-22,0.3347983796776182,0.7326670973917192,0.6027239421680326,670,687,job_site_count=2 (z=6.09); leak_site_count=1 (z=1.78); external_email_count=3 (z=1.31)
CKH0144,2010-09-23,0.35874600624385583,0.7318550427276304,0.5518766306910844,671,779,job_site_count=1 (z=5.39); leak_site_count=1 (z=2.07); external_attachment_email_count=2 (z=1.48)
WJD0576,2010-11-24,1.0484667139593424,0.7314884050879134,1.0484667139593424,672,341,external_attachment_email_count=1 (z=6.00); external_email_size=31989 (z=3.75); external_email_count=1 (z=3.74)
KLM0639,2011-01-03,0.4064437565723944,0.7301436527172873,0.7599618892362806,673,542,job_site_count=1 (z=7.68); after_hours_email_count=1 (z=3.00); external_email_size=34118 (z=1.35)
JFC0757,2010-04-05,0.3425702537380522,0.7273745956311991,0.3931887864531088,674,913,leak_site_count=1 (z=6.00); external_email_count=2 (z=1.85); external_email_size=45453 (z=1.41)
DIC0988,2010-07-08,0.17973532514117996,0.7266757602480962,0.3758907744755664,675,917,job_site_count=2 (z=5.70); leak_site_count=1 (z=3.32); http_domain_count=9 (z=1.66)
MKL0941,2010-07-27,0.30841070350832556,0.726309303681686,0.37942606045772886,676,915,leak_site_count=2 (z=4.11); job_site_count=2 (z=3.04); external_email_count=3 (z=1.93)
SMB0804,2010-05-05,0.1919534589634175,0.7236712310826429,0.33451957571720153,677,931,leak_site_count=1 (z=6.00); job_site_count=2 (z=1.74); external_email_count=3 (z=1.04)
SLP0762,2010-06-09,0.39687688132474347,0.7234690885910192,0.9800542849343227,678,390,job_site_count=1 (z=7.68); external_email_count=3 (z=2.67); external_email_size=89216 (z=1.48)
CXC0336,2010-08-04,0.1404918694300252,0.7232271209404857,0.7249668693607213,679,573,leak_site_count=1 (z=7.68); http_domain_count=4 (z=2.15); logon_pc_count=1 (z=0.68)
HBB0056,2010-04-05,0.4122808524519533,0.7230676942711523,0.6023196024518511,680,689,job_site_count=1 (z=4.36); leak_site_count=1 (z=2.24); external_attachment_email_count=2 (z=2.12)
ZSB0649,2010-04-01,0.3959991652749726,0.7228567285562953,0.8705742626460946,681,450,job_site_count=1 (z=7.68); after_hours_http_count=1 (z=2.24); external_email_size=28944 (z=1.60)
LTS0860,2011-04-08,0.39410967891016613,0.7215384822552676,0.5723300445183842,682,740,job_site_count=1 (z=7.68); external_attachment_email_count=1 (z=2.12); external_email_count=5 (z=1.15)
FRR0832,2010-02-17,1.0315996346235778,0.7197206753187753,1.0315996346235778,683,351,external_attachment_email_count=1 (z=4.58); after_hours_email_count=1 (z=6.00); external_email_count=1 (z=2.30)
WPR0368,2010-08-07,0.8915760724883907,0.7186404959920191,0.9948630835556865,684,381,external_attachment_email_count=3 (z=3.75); after_hours_http_count=10 (z=3.36); job_site_count=1 (z=1.66)
GNZ0953,2010-06-25,1.0271486835934442,0.716615360646589,1.0271486835934442,685,355,external_attachment_email_count=1 (z=7.68); external_email_count=1 (z=2.55); external_email_size=26722 (z=2.51)
HGG0240,2010-12-14,0.38702951621266785,0.716598833861664,0.5651215379402628,686,752,job_site_count=1 (z=7.68); external_attachment_email_count=2 (z=2.00); external_email_count=3 (z=0.99)
ENL0100,2010-05-03,0.4506187584520658,0.7161528814534635,0.6414294526368783,687,647,job_site_count=4 (z=4.56); external_attachment_email_count=2 (z=3.04); leak_site_count=1 (z=1.68)
NRF0137,2010-11-15,0.13034413005937598,0.7161473027749164,0.5477619354012518,688,791,leak_site_count=1 (z=7.68); http_domain_count=1 (z=1.95); logon_pc_count=1 (z=0.65)
HCC0344,2011-05-03,0.3976792156952584,0.7157779836239189,0.6562709416653464,689,629,leak_site_count=1 (z=5.39); external_attachment_email_count=1 (z=1.82); external_email_size=25600 (z=1.32)
CNB0900,2010-06-22,0.3056108297387832,0.7157697119633241,0.4288186459820931,690,897,job_site_count=2 (z=8.64); external_email_count=2 (z=1.72); external_email_size=72605 (z=1.44)
JJH0292,2010-10-25,1.0259050622147061,0.7157477178242136,1.0259050622147061,691,356,external_attachment_email_count=1 (z=7.68); external_email_count=1 (z=2.11); external_email_size=19990 (z=2.00)
AIH0675,2010-06-14,0.384124660516806,0.7145721903529233,0.55405327745712,692,775,job_site_count=1 (z=7.68); external_email_count=4 (z=1.73); external_attachment_email_count=1 (z=1.38)
RNF0765,2010-11-05,0.3840844596594144,0.7145441432431151,0.5024223466379935,693,849,job_site_count=1 (z=7.68); external_email_size=45233 (z=1.93); http_domain_count=5 (z=2.74)
KJM0887,2011-02-14,0.38394807092185895,0.714448988309937,0.7415106028975934,694,560,job_site_count=1 (z=7.68); external_email_count=2 (z=2.13); external_email_size=50905 (z=1.65)
HCW0419,2010-06-02,0.37739883757426546,0.7139163992064816,0.531758383110695,695,821,job_site_count=3 (z=7.75); external_attachment_email_count=2 (z=2.07); external_email_count=3 (z=1.42)
TJD0996,2010-04-15,0.6096236657340829,0.7131022669309797,0.8342247449393086,696,479,job_site_count=2 (z=4.95); external_attachment_email_count=2 (z=2.24); after_hours_http_count=1 (z=2.55)
HPR0585,2011-01-31,1.0213762875296968,0.7125881075788582,1.0213762875296968,697,358,external_attachment_email_count=1 (z=7.68); external_email_size=33550 (z=2.59); external_email_count=1 (z=2.55)
IYB0918,2010-12-13,1.017234506179352,0.7096984926832688,1.017234506179352,698,361,after_hours_email_count=2 (z=10.00); external_attachment_email_count=2 (z=3.62); external_email_count=3 (z=0.97)
SOB0586,2010-05-26,0.5171987072790523,0.7096735167063155,0.5699517458577349,699,743,job_site_count=1 (z=6.00); external_email_count=1 (z=2.75); external_email_size=17156 (z=2.61)
CCH0685,2010-05-11,1.016717334770252,0.709337675421106,1.016717334770252,700,362,after_hours_http_count=1 (z=7.68); after_hours_email_count=2 (z=6.09); external_email_count=5 (z=1.90)
GJD0298,2011-01-20,1.015749302713605,0.7086623042187943,1.015749302713605,701,364,external_attachment_email_count=1 (z=7.68); external_email_size=33891 (z=2.40); external_email_count=1 (z=2.38)
HLM0933,2010-09-28,0.5359363225928845,0.7080083860609923,0.7072278098576251,702,592,job_site_count=1 (z=3.32); external_attachment_email_count=2 (z=2.97); leak_site_count=1 (z=1.74)
TEM0093,2010-06-04,0.373835800981627,0.7073939162586125,0.6590547971550662,703,627,job_site_count=1 (z=7.68); external_attachment_email_count=1 (z=1.40); external_email_count=5 (z=1.71)
HIW0536,2011-02-02,0.10778372297977734,0.7073553366285094,0.7964540875793039,704,506,job_site_count=1 (z=7.68); leak_site_count=3 (z=2.28); http_domain_count=10 (z=1.27)
ENC0234,2010-04-09,0.5135108354658745,0.7071005828831682,0.822554226937295,705,492,job_site_count=1 (z=6.00); external_attachment_email_count=1 (z=3.32); external_email_count=4 (z=1.62)
BXJ0010,2010-10-22,0.20347576724896022,0.7068969111363688,0.27537548288900526,706,991,leak_site_count=2 (z=5.43); job_site_count=1 (z=2.11); external_email_count=5 (z=0.89)
YWW0660,2010-09-29,0.3727433191479796,0.7066317196304861,0.6259633870951067,707,662,job_site_count=1 (z=7.68); external_email_count=2 (z=1.79); external_email_size=53144 (z=1.42)
CFG0959,2010-09-14,1.0115346106359728,0.7057218213739346,1.0115346106359728,708,367,external_attachment_email_count=1 (z=5.39); external_email_count=1 (z=2.75); external_email_size=23666 (z=2.69)
LDM0587,2010-12-14,1.0108175492921003,0.7052215460177443,1.0108175492921003,709,369,external_attachment_email_count=1 (z=7.68); external_email_size=39322 (z=2.03); external_email_count=1 (z=2.00)
NMB0972,2010-12-15,0.5107820377086233,0.7051967704943884,0.9827855871646681,710,388,job_site_count=1 (z=6.00); external_email_size=34613 (z=2.79); external_email_count=1 (z=2.75)
BER0314,2010-03-09,0.11424528594227602,0.7049155510653118,0.5882716527794218,711,712,leak_site_count=1 (z=7.68); http_domain_count=8 (z=0.88); logon_pc_count=1 (z=0.65)
RLB0719,2010-09-16,1.0089748971692474,0.7039359747692423,1.0089748971692474,712,370,external_attachment_email_count=1 (z=7.68); external_email_size=33304 (z=2.43); external_email_count=1 (z=2.38)
PGO0433,2010-05-12,0.3667291571684814,0.7024357926680468,0.6497958511049252,713,637,job_site_count=1 (z=7.68); external_attachment_email_count=1 (z=1.21); external_email_count=4 (z=1.46)
IIA0092,2010-11-05,0.3636035731311771,0.7002551526420194,0.6978011247490347,714,601,job_site_count=1 (z=7.68); external_attachment_email_count=2 (z=1.79); external_email_count=4 (z=1.24)
NHH0185,2011-03-08,0.763942251627364,0.6998306428834608,0.8629767109595196,715,455,external_attachment_email_count=1 (z=4.36); job_site_count=1 (z=2.87); external_email_count=3 (z=2.75)
MAE0331,2010-07-20,0.10633031035458289,0.699393475073898,0.9815480276599806,716,389,leak_site_count=1 (z=7.68); http_domain_count=2 (z=1.28); logon_pc_count=1 (z=0.71)
BAM0611,2010-12-29,0.5437767566954976,0.6992741986393621,0.5437767566954976,717,797,job_site_count=4 (z=5.50); external_attachment_email_count=4 (z=2.45); external_email_count=9 (z=2.22)
JML0909,2010-05-03,0.30166253037068613,0.6988343235144321,0.7177277866060753,718,579,leak_site_count=1 (z=6.00); http_domain_count=5 (z=2.21); external_email_size=30245 (z=1.27)
ECR0822,2010-01-19,1.0011290928022456,0.6984621577690086,1.0011290928022456,719,375,external_email_count=1 (z=6.00); external_email_size=24804 (z=6.00); http_domain_count=1 (z=3.74)
CJV0286,2011-01-31,0.3605260285703062,0.6981080285297837,0.6552083606929747,720,631,job_site_count=1 (z=7.68); external_email_count=2 (z=2.44); external_email_size=42851 (z=1.69)
BHC0665,2010-09-30,0.3604253145987392,0.6980377629682256,0.6499682757554522,721,635,job_site_count=1 (z=7.68); external_attachment_email_count=2 (z=1.56); external_email_count=4 (z=1.62)
YCE0983,2010-07-28,0.4898284294452649,0.6974863121892163,0.5302735108797242,722,824,leak_site_count=1 (z=2.55); job_site_count=1 (z=2.55); external_attachment_email_count=3 (z=2.35)
ETR0428,2010-06-02,0.35962262261595895,0.6974777453058207,0.6179042577764501,723,670,job_site_count=1 (z=7.68); logon_pc_count=2 (z=1.53); external_attachment_email_count=1 (z=0.85)
MVF0594,2010-04-06,0.3572110259849471,0.6957952360283706,0.5419379970032593,724,802,job_site_count=1 (z=7.68); external_email_count=1 (z=2.00); external_email_size=12962 (z=1.79)
ERH0449,2010-08-23,0.16352914791821735,0.6954854520359657,0.5811205160141378,725,724,job_site_count=2 (z=10.00); http_domain_count=2 (z=2.70); logon_pc_count=1 (z=0.68)
EMB0531,2010-09-15,0.29631491691740347,0.6951034304074908,0.7424966920720474,726,559,leak_site_count=1 (z=6.00); external_email_count=2 (z=2.03); external_email_size=47579 (z=1.45)
DHM0937,2010-10-20,0.13190321958475038,0.6948742099510478,0.5751354131714733,727,730,leak_site_count=4 (z=7.41); external_email_size=33214 (z=0.67); http_domain_count=5 (z=0.87)
CLD0894,2010-10-11,0.35222697571549744,0.6923179916543358,0.400438731921917,728,909,job_site_count=1 (z=7.68); external_email_count=2 (z=2.44); external_email_size=60084 (z=1.81)
DEB0782,2011-02-07,0.9919718557995628,0.6920733877671369,0.9919718557995628,729,383,external_attachment_email_count=2 (z=7.04); external_email_count=3 (z=3.23); external_email_size=71175 (z=1.82)
JZD0888,2010-09-03,0.4045961007137242,0.6917467546453154,0.4561156190695135,730,884,job_site_count=2 (z=7.04); external_email_count=2 (z=2.91); external_email_size=60595 (z=1.89)
SLB0049,2010-06-25,0.25071370334259674,0.6900580678169806,0.5172329053267025,731,837,leak_site_count=3 (z=5.87); external_email_count=7 (z=1.18); job_site_count=1 (z=0.65)
DRR0242,2010-05-02,0.7617900537684213,0.6900031976499331,0.9136448257827854,732,428,job_site_count=2 (z=2.73); external_attachment_email_count=1 (z=2.05); after_hours_logon_count=1 (z=2.00)
CSJ0340,2011-04-19,0.5761689444877894,0.6897617637358912,0.6666352599183768,733,622,job_site_count=2 (z=4.95); external_attachment_email_count=1 (z=3.00); external_email_count=2 (z=1.81)
DTT0076,2011-01-14,0.2842398605864507,0.689718691269636,0.3043711235028849,734,958,job_site_count=4 (z=8.45); external_email_count=9 (z=1.74); external_email_size=285678 (z=0.96)
MNS0224,2010-04-29,0.2681379809773152,0.6896258639902069,0.7181146907020951,735,578,job_site_count=2 (z=8.64); external_email_count=3 (z=1.13); external_email_size=92073 (z=1.01)
KAL0395,2010-05-12,0.4882449063887793,0.6894731905037995,0.9447730114798064,736,409,job_site_count=1 (z=6.00); external_attachment_email_count=1 (z=2.55); external_email_count=2 (z=1.29)
KBC0054,2010-11-29,0.12347702394017894,0.6894407038381531,0.3312604531427272,737,935,job_site_count=1 (z=6.00); leak_site_count=2 (z=3.13); http_domain_count=10 (z=1.69)
LPC0492,2011-04-08,0.15235481256342862,0.6876894041140199,0.5847286440605237,738,721,job_site_count=2 (z=10.00); external_email_size=51515 (z=0.75); http_domain_count=9 (z=1.01)
JPA0667,2011-01-27,0.3432651885519456,0.6860655820053463,0.5354546755935722,739,817,job_site_count=1 (z=7.68); external_attachment_email_count=2 (z=1.31); http_domain_count=8 (z=1.55)
MKG0711,2010-10-07,0.3418158791821618,0.6850544359334042,0.6412144059108636,740,648,job_site_count=1 (z=7.68); external_email_size=44427 (z=1.91); external_email_count=1 (z=1.81)
IDO0176,2011-03-31,0.1478529600488149,0.684548576778243,0.2994302503770472,741,964,job_site_count=3 (z=10.00); http_domain_count=11 (z=1.19); external_email_size=77395 (z=0.65)
UBF0645,2011-02-10,0.3399723283477268,0.6837682376768216,0.6044357029600994,742,685,job_site_count=1 (z=7.68); after_hours_http_count=1 (z=2.05); after_hours_email_count=1 (z=1.96)
JLW0053,2011-01-18,0.45799039896166716,0.6829095685475366,0.777798404602989,743,524,leak_site_count=3 (z=3.82); after_hours_http_count=1 (z=5.39); job_site_count=1 (z=0.90)
RHC0335,2010-01-19,0.2776020663954142,0.682047953299126,0.3598595322703668,744,918,leak_site_count=1 (z=6.00); external_email_count=3 (z=1.88); external_email_size=88591 (z=1.02)
NAF0033,2011-01-14,0.41855887834844596,0.681113615736361,0.5722768220700587,745,741,leak_site_count=1 (z=2.55); job_site_count=2 (z=3.12); external_attachment_email_count=2 (z=1.76)
KRM0541,2011-01-05,0.2762346874461634,0.6810939679856953,0.6407988759070636,746,649,leak_site_count=1 (z=6.00); external_email_count=4 (z=1.42); external_email_size=92886 (z=1.00)
SCB0534,2010-01-29,0.2739703144786352,0.679514172892071,0.3989636045829221,747,911,leak_site_count=1 (z=6.00); external_email_count=2 (z=1.74); external_email_size=76631 (z=1.05)
HDD0806,2010-09-13,0.30869535936643516,0.6792185213780796,0.8683876945212781,748,451,leak_site_count=2 (z=5.70); external_attachment_email_count=1 (z=1.69); external_email_count=4 (z=1.19)
DBW0483,2010-07-27,0.14248457906635736,0.6788156758529127,0.6287782520695862,749,659,job_site_count=5 (z=9.97); http_domain_count=11 (z=1.29); external_email_size=28576 (z=0.54)
DFR0218,2010-04-06,0.4722621740360236,0.6783224470018769,0.7865152397809733,750,518,job_site_count=1 (z=6.00); external_attachment_email_count=1 (z=2.12); after_hours_logon_count=3 (z=1.19)
KAT0270,2010-07-13,0.3166421376761252,0.6782945903378869,0.4828152393737979,751,864,leak_site_count=3 (z=5.62); external_email_count=4 (z=1.25); http_domain_count=9 (z=1.58)
EHR0096,2010-12-03,0.25074521428259494,0.6774913755985416,0.3404633648220268,752,927,job_site_count=2 (z=8.64); external_email_count=4 (z=1.35); external_email_size=174980 (z=1.03)
AWM0764,2011-01-19,0.25057453438470056,0.6773722966000106,0.7813211733666517,753,523,job_site_count=2 (z=8.64); external_email_size=36881 (z=1.23); external_email_count=1 (z=0.89)
ROB0272,2010-04-01,0.2795838061107265,0.6764246135909158,0.35673965094093285,754,919,job_site_count=2 (z=6.09); leak_site_count=1 (z=1.57); external_email_count=3 (z=1.36)
EDA0684,2010-02-01,0.9690343426600152,0.6760704716232665,0.9690343426600152,755,393,after_hours_email_count=1 (z=6.00); after_hours_logon_count=1 (z=2.45); after_hours_http_count=1 (z=3.61)
POB0343,2010-03-30,0.32887307082098005,0.6760245696349052,0.4505939627410694,756,888,job_site_count=1 (z=7.68); external_email_count=3 (z=2.38); external_email_size=69463 (z=1.17)
IJW0851,2010-11-10,0.1354951517036814,0.6759268500258242,0.2769694367323887,757,988,job_site_count=2 (z=10.00); http_domain_count=9 (z=1.12); external_email_size=45636 (z=0.53)
HRW0550,2010-03-17,0.5993847273053426,0.6750313732668791,0.5993847273053426,758,695,job_site_count=3 (z=4.42); external_attachment_email_count=3 (z=3.47); external_email_count=5 (z=1.94)
MIL0255,2010-05-24,0.3272924054759252,0.6749217798592853,0.5732586946292471,759,736,job_site_count=1 (z=7.68); external_attachment_email_count=1 (z=1.42); external_email_count=3 (z=0.96)
FRL0511,2010-04-30,0.5136674801746798,0.6742504949937,0.8807545875427363,760,446,job_site_count=2 (z=5.43); external_attachment_email_count=1 (z=2.00); external_email_count=2 (z=1.90)
KTG0091,2010-08-17,0.5535548455486036,0.6739844854062266,0.5535548455486036,761,776,job_site_count=2 (z=4.95); external_attachment_email_count=3 (z=3.63); external_email_count=5 (z=1.54)
WGS0516,2010-04-26,0.13267544859522135,0.6739596152989916,0.4230509784709377,762,899,job_site_count=2 (z=10.00); http_domain_count=3 (z=1.96); logon_pc_count=1 (z=0.68)
JXH0493,2010-03-01,0.13105066127982748,0.672826042753368,0.49949617034867155,763,850,job_site_count=5 (z=10.00); http_domain_count=10 (z=1.07); external_email_size=28532 (z=0.58)
HRD0635,2010-05-10,0.9643197286473325,0.6727812060330227,0.9643197286473325,764,398,after_hours_logon_count=1 (z=5.39); after_hours_email_count=1 (z=2.31); external_email_size=36683 (z=1.70)
HAM0985,2011-03-17,0.25383052930444716,0.6725221270843307,0.6374696165090338,765,654,leak_site_count=2 (z=6.09); external_email_count=5 (z=1.46); external_email_size=150215 (z=0.87)
HIA0414,2010-08-02,0.2540270655556829,0.6718497626366982,0.60117284526765,766,692,leak_site_count=2 (z=4.27); job_site_count=2 (z=2.53); external_email_count=4 (z=1.27)
NMF0780,2010-12-13,0.5626522524455911,0.6715140447522283,0.7766795905042608,767,527,job_site_count=1 (z=4.80); external_attachment_email_count=2 (z=2.70); external_email_count=2 (z=2.08)
TEM0977,2010-04-13,0.32104726105163267,0.6705647023539651,0.32104726105163267,768,942,job_site_count=1 (z=7.68); external_email_count=7 (z=2.23); external_email_size=190089 (z=1.19)
SVS0871,2010-06-21,0.25912581599211154,0.669157546041008,0.45998353854064583,769,880,leak_site_count=1 (z=6.00); external_email_count=8 (z=1.32); logon_pc_count=2 (z=1.21)
ZDW0859,2010-05-04,0.12441750167036214,0.6681982569793224,0.5366263809413077,770,815,job_site_count=5 (z=10.00); external_email_size=26948 (z=0.60); logon_pc_count=1 (z=0.64)
AAL0706,2010-09-20,0.9549647920543428,0.6662545060844253,0.9549647920543428,771,404,external_attachment_email_count=1 (z=7.68); external_email_count=1 (z=2.00); external_email_size=27106 (z=1.96)
LHN0151,2010-08-06,0.3147513502654507,0.6661722064566289,0.9541029959439085,772,405,job_site_count=1 (z=7.68); external_email_count=3 (z=1.86); external_email_size=76944 (z=1.18)
OMS0101,2011-04-26,0.1321575129953802,0.6654614834775111,0.5484382792857279,773,789,leak_site_count=2 (z=7.04); external_email_size=25695 (z=0.64); http_domain_count=5 (z=0.92)
HCL0113,2010-06-09,0.45236329262798486,0.6644395064846407,0.6011411156339732,774,693,job_site_count=1 (z=6.00); external_attachment_email_count=2 (z=2.76); external_email_count=3 (z=1.30)
OMM0944,2011-01-11,0.4523261019874909,0.6644135595261565,0.49418445288178786,775,856,job_site_count=1 (z=6.00); external_email_count=1 (z=2.38); external_email_size=22852 (z=2.32)
JCR0921,2010-08-24,0.31108713002893285,0.6636157737334769,0.8379384844872306,776,475,job_site_count=1 (z=7.68); external_attachment_email_count=1 (z=1.59); external_email_size=48628 (z=0.82)
MSD0939,2010-03-30,0.6393292781919121,0.6635819026207492,0.6856348294258955,777,609,external_attachment_email_count=1 (z=5.39); job_site_count=1 (z=3.74); external_email_count=2 (z=1.10)
AQD0820,2010-03-31,0.7919076909877026,0.6632785504867041,0.7919076909877026,778,510,external_attachment_email_count=2 (z=3.11); after_hours_email_count=4 (z=3.87); job_site_count=1 (z=1.91)
CCW0031,2011-04-14,0.38046371487054037,0.6631783951789835,0.5465907629784964,779,794,job_site_count=2 (z=4.95); leak_site_count=1 (z=1.35); external_attachment_email_count=2 (z=1.81)
CKB0427,2010-09-30,0.3633094116286156,0.6629420878417515,0.5994184968326502,780,694,job_site_count=2 (z=7.04); external_attachment_email_count=1 (z=1.40); external_email_count=3 (z=1.28)
AKC0924,2011-01-20,0.7192225850327474,0.661761274310706,0.8651279197749798,781,453,external_attachment_email_count=3 (z=4.55); job_site_count=1 (z=2.75); external_email_count=6 (z=2.51)
UIR0043,2010-04-23,0.43126652611581956,0.6606463879515592,0.6498506575725516,782,636,job_site_count=4 (z=6.19); external_attachment_email_count=2 (z=1.81); after_hours_logon_count=3 (z=0.85)
WVB0539,2010-06-10,0.4358616674130209,0.6594894223060117,0.5734383449729846,783,735,leak_site_count=3 (z=4.37); external_attachment_email_count=2 (z=2.29); external_email_count=7 (z=1.35)
EFS0882,2010-12-17,0.11095673704804965,0.6588070258474765,0.4053693779162965,784,907,job_site_count=2 (z=10.00); http_domain_count=3 (z=1.48); logon_pc_count=1 (z=0.65)
WNB0908,2010-11-02,0.9427601425253022,0.6577396343199783,0.9427601425253022,785,410,external_attachment_email_count=3 (z=6.03); external_email_count=3 (z=2.71); external_email_size=75136 (z=1.55)
DBG0261,2010-06-10,0.5773178596153979,0.6562042592398518,0.5847907197417948,786,719,job_site_count=1 (z=4.36); external_attachment_email_count=2 (z=3.88); external_email_count=4 (z=1.73)
CMW0783,2011-02-16,0.10710775354103912,0.656121688517004,0.44760463552542157,787,890,job_site_count=2 (z=10.00); http_domain_count=2 (z=1.25); logon_pc_count=1 (z=0.73)
MDM0976,2010-09-13,0.21493996446413685,0.6555383915907651,0.29718823548658047,788,968,leak_site_count=2 (z=5.43); job_site_count=1 (z=1.09); external_email_count=4 (z=1.02)
MSZ0310,2010-01-20,0.23844691788180453,0.6547304078245147,0.5257936955932817,789,829,leak_site_count=1 (z=6.00); external_attachment_email_count=1 (z=0.81); external_email_count=4 (z=0.89)
SER0165,2010-12-17,0.24761000719819462,0.6535047072721205,0.3327886524410101,790,933,leak_site_count=2 (z=3.28); job_site_count=2 (z=3.68); external_email_count=4 (z=1.27)
ASV0946,2010-04-01,0.9361927545206178,0.6531577357120589,0.9361927545206178,791,415,external_attachment_email_count=1 (z=5.39); external_email_size=30268 (z=2.77); external_email_count=1 (z=2.75)
HAC0282,2010-03-29,0.2915674069215796,0.6499973622632303,0.621429969411459,792,666,job_site_count=1 (z=7.68); external_attachment_email_count=1 (z=1.34); external_email_size=37507 (z=0.89)
HKB0418,2010-02-11,0.14517173621410645,0.6472295125669,0.33363822602305643,793,932,job_site_count=2 (z=6.86); leak_site_count=1 (z=1.81); external_email_size=38751 (z=0.76)
YJF0532,2011-01-06,0.927401815323187,0.6470245223185026,0.927401815323187,794,419,external_attachment_email_count=2 (z=6.09); external_email_count=2 (z=2.76); external_email_size=49837 (z=1.84)
BSA0431,2010-11-04,0.3540389508402666,0.6463927635142398,0.7347658880000977,795,565,job_site_count=4 (z=6.87); external_attachment_email_count=1 (z=2.00); external_email_size=107505 (z=0.79)
LHB0967,2011-04-05,0.4249439194375963,0.6453097112355323,0.7249413242551445,796,574,job_site_count=1 (z=6.00); external_email_size=48463 (z=2.56); external_email_count=1 (z=2.38)
AMJ0297,2011-03-03,0.4237092351571963,0.6444483035980438,0.7740723985099441,797,528,job_site_count=1 (z=6.00); external_email_size=28468 (z=2.40); external_email_count=1 (z=2.38)
MKS0204,2010-11-30,0.2822463310979382,0.6434942861072016,0.6176010039543655,798,671,job_site_count=1 (z=7.68); external_email_count=3 (z=1.60); external_email_size=113018 (z=1.19)
JIG0128,2010-08-13,0.28209960602291834,0.6433919197757924,0.6136614553207619,799,674,job_site_count=1 (z=7.68); after_hours_email_count=1 (z=1.87); external_email_size=50817 (z=0.83)
IWM0816,2010-09-16,0.7400487272350461,0.642581775898244,0.7400487272350461,800,562,external_attachment_email_count=3 (z=2.55); job_site_count=1 (z=2.17); external_email_count=5 (z=1.93)
BAH0875,2011-05-12,0.9208777865558826,0.6424728743413135,0.9208777865558826,801,425,after_hours_http_count=2 (z=10.00); after_hours_logon_count=1 (z=2.65); external_email_count=4 (z=0.97)
LLV0602,2010-04-14,0.19685904250572497,0.6398963720332835,0.6135250003376523,802,675,job_site_count=2 (z=8.64); external_email_count=4 (z=1.06); external_email_size=99197 (z=0.85)
DVW0103,2011-01-19,0.2710028192749577,0.6396866189976628,0.32905380118648103,803,937,job_site_count=3 (z=7.75); external_email_count=3 (z=1.36); external_email_size=100426 (z=1.15)
CKD0680,2011-05-03,0.27666414392906935,0.6395997369196187,0.6470860547758167,804,639,job_site_count=1 (z=7.68); external_email_count=5 (z=1.87); external_email_size=134907 (z=1.10)
BCB0679,2011-01-06,0.4118403351091248,0.636167675657529,0.5104762820839647,805,841,job_site_count=1 (z=6.00); external_attachment_email_count=3 (z=1.77); external_email_count=6 (z=1.79)
DPS0262,2010-03-19,0.9105544472395142,0.6352705445857076,0.9105544472395142,806,431,after_hours_http_count=1 (z=7.68); after_hours_logon_count=1 (z=3.00); external_email_count=3 (z=1.44)
JMH0543,2010-10-12,0.5652958448155,0.6333939649556378,0.751146172752274,807,553,job_site_count=2 (z=4.11); external_attachment_email_count=1 (z=3.32); external_email_count=4 (z=1.81)
VMJ0147,2011-03-29,0.4060582873559433,0.6321336888529837,0.5392219470522185,808,809,job_site_count=1 (z=6.00); external_attachment_email_count=4 (z=1.93); external_email_count=7 (z=1.42)
EIP0997,2011-02-14,0.7882973285225793,0.6312101839987456,0.7882973285225793,809,516,after_hours_email_count=3 (z=10.00); job_site_count=1 (z=1.40); external_email_count=4 (z=1.64)
NJC0705,2010-04-22,0.9045758889965098,0.6310994574394254,0.9045758889965098,810,435,external_attachment_email_count=1 (z=6.00); external_email_count=1 (z=2.75); external_email_size=19625 (z=2.58)
NBH0256,2010-01-19,0.4039674074614936,0.6306749354382514,0.5528881127465466,811,778,job_site_count=1 (z=6.00); external_attachment_email_count=2 (z=1.85); external_email_count=2 (z=1.07)
MSS0001,2010-01-25,0.28284629177041665,0.6293182783539131,0.44145470367964007,812,893,leak_site_count=3 (z=5.31); external_attachment_email_count=2 (z=1.43); external_email_count=13 (z=0.78)
ECF0828,2010-04-27,0.9014458949641662,0.6289157406726741,0.9014458949641662,813,436,after_hours_http_count=1 (z=7.68); external_email_size=40339 (z=3.05); external_email_count=1 (z=3.00)
LFS0071,2010-11-15,0.19622735634335,0.6252748997744302,0.31491747467546,814,945,leak_site_count=1 (z=6.00); external_email_count=3 (z=0.92); external_email_size=129972 (z=0.89)
FHS0837,2010-08-26,0.8962207650682424,0.6252703012104017,0.8962207650682424,815,440,after_hours_http_count=1 (z=6.00); external_email_count=1 (z=3.74); external_email_size=18955 (z=3.52)
RRA0938,2010-08-20,0.527762837730686,0.6245516971131478,0.5953973936209859,816,696,leak_site_count=2 (z=3.15); external_attachment_email_count=3 (z=2.89); external_email_count=4 (z=1.73)
HPM0986,2010-01-19,0.14311263101708457,0.6238921650359127,0.2984195730077986,817,966,leak_site_count=4 (z=6.44); external_email_count=4 (z=0.75); external_email_size=108690 (z=0.72)
ZJS0269,2010-05-17,0.3148817534786648,0.6225817468086847,0.340351793148483,818,928,leak_site_count=2 (z=4.95); external_email_count=4 (z=2.24); external_email_size=123459 (z=1.31)
MLD0755,2010-09-27,0.39069813732178577,0.6214173051082227,0.4625771323161048,819,878,job_site_count=1 (z=6.00); external_attachment_email_count=5 (z=1.84); external_email_count=8 (z=1.45)
KQS0415,2010-10-14,0.47759532387337106,0.6209894702839714,0.6038986932869314,820,686,job_site_count=2 (z=4.95); external_attachment_email_count=3 (z=3.45); external_email_count=4 (z=1.26)
IAT0263,2010-08-30,0.5487753660287537,0.6205213824746448,0.5487753660287537,821,788,job_site_count=2 (z=4.09); external_attachment_email_count=2 (z=2.78); external_email_count=5 (z=2.05)
ASD0577,2011-01-20,0.43730250146760136,0.6181857456247511,0.5636640693813748,822,754,job_site_count=1 (z=5.39); external_email_size=36439 (z=2.46); external_email_count=1 (z=2.38)
BNG0237,2010-03-08,0.4367262878818487,0.6177837361463191,0.5473704943317415,823,792,job_site_count=1 (z=5.39); external_attachment_email_count=3 (z=2.33); external_email_count=3 (z=1.18)
UFK0208,2010-07-27,0.24427235839300612,0.6170008167781792,0.5478200166953168,824,790,job_site_count=1 (z=7.68); external_attachment_email_count=1 (z=0.88); external_email_count=4 (z=0.92)
BEC0505,2010-10-15,0.2441880770957907,0.6169420158731452,0.5046868671356335,825,846,job_site_count=1 (z=7.68); external_email_count=5 (z=1.23); external_email_size=146345 (z=0.85)
AAW0353,2010-09-30,0.29603312550313876,0.6160051440332792,0.41205363651220556,826,903,job_site_count=2 (z=7.04); external_email_size=24027 (z=1.51); external_email_count=1 (z=1.17)
IUY0279,2010-02-11,0.070812388045689,0.6155154889879564,0.698781504435924,827,600,job_site_count=2 (z=9.74); logon_pc_count=1 (z=0.54); http_domain_count=4 (z=0.62)
QNP0216,2010-03-03,0.30351882567702776,0.6142585871098043,0.4410138587492787,828,894,job_site_count=2 (z=6.92); external_email_count=6 (z=1.60); external_email_size=166366 (z=0.95)
HOB0994,2011-02-14,0.4114002930694581,0.6137245110159902,0.7693284866687757,829,530,job_site_count=3 (z=5.62); external_attachment_email_count=1 (z=2.05); external_email_size=80285 (z=1.13)
SSR0278,2010-07-13,0.23860761318229531,0.613048668956753,0.28683825811996444,830,978,job_site_count=1 (z=7.68); external_email_count=4 (z=1.15); external_email_size=114331 (z=0.90)
SBQ0786,2010-07-08,0.5784210066410287,0.61169997326297,0.5784210066410287,831,726,external_attachment_email_count=5 (z=3.99); leak_site_count=2 (z=2.56); external_email_count=9 (z=1.62)
NCK0295,2010-07-13,0.37214442332665826,0.6084728534837152,0.8046944791348075,832,501,job_site_count=1 (z=6.00); external_email_size=42009 (z=1.81); external_email_count=1 (z=1.73)
EWH0191,2011-03-15,0.08370940889099483,0.6077078308053973,0.5028318272859031,833,848,job_site_count=1 (z=4.80); leak_site_count=2 (z=3.32); external_email_size=49449 (z=0.52)
RJB0088,2010-09-10,0.2304216111745433,0.6073375047652981,0.3106801740095328,834,953,job_site_count=1 (z=7.68); external_email_count=3 (z=1.30); external_email_size=107609 (z=0.98)
KDS0349,2010-08-03,0.22419199507995816,0.6070279044430124,0.28063481034854476,835,986,job_site_count=3 (z=7.75); external_email_count=7 (z=1.36); external_email_size=200269 (z=0.85)
LAF0991,2010-04-28,0.5356527751794663,0.606612420196362,0.6659738412944033,836,623,job_site_count=5 (z=4.01); after_hours_email_count=6 (z=3.72); external_email_count=6 (z=1.94)
MOP0763,2010-07-13,0.1419595605155531,0.6015944078540938,0.43054059459079674,837,895,job_site_count=2 (z=8.64); http_domain_count=4 (z=2.13); logon_pc_count=1 (z=0.71)
GCC0744,2010-12-02,0.2141092062415959,0.599993400602294,0.26833613279488605,838,994,job_site_count=3 (z=7.75); external_email_count=6 (z=1.12); external_email_size=160371 (z=0.76)
DZC0228,2010-09-07,0.35986479102749747,0.5999056681587192,0.7638561285536544,839,537,job_site_count=1 (z=6.00); external_attachment_email_count=1 (z=1.70); external_email_count=3 (z=1.04)
BBH0810,2010-12-29,0.44984693283327065,0.5998553921220224,0.5408483963540267,840,805,job_site_count=3 (z=4.92); after_hours_http_count=3 (z=3.24); http_domain_count=8 (z=1.59)
SAT0194,2010-09-13,0.45602857278211784,0.5993320856266752,0.5473071268811656,841,793,job_site_count=3 (z=4.84); external_attachment_email_count=2 (z=2.49); external_email_count=5 (z=1.49)
KBL0260,2010-10-29,0.21880190051769274,0.5992307298884257,0.2882201164622331,842,976,job_site_count=1 (z=7.68); external_email_count=4 (z=1.26); external_email_size=116652 (z=0.91)
BKW0374,2010-10-14,0.6371475548381199,0.598443069638387,0.7166206691449689,843,585,external_attachment_email_count=3 (z=2.99); job_site_count=2 (z=2.65); external_email_count=6 (z=1.85)
HJS0072,2010-02-03,0.7569404965101563,0.5983229576694263,0.7569404965101563,844,547,usb_file_count=10 (z=1.78); external_attachment_email_count=2 (z=1.94); file_count=10 (z=1.78)
YEV0793,2011-01-25,0.5749863405676195,0.598152811188789,0.6472862564864589,845,638,external_attachment_email_count=3 (z=3.78); job_site_count=3 (z=3.39); external_email_count=5 (z=1.74)
EZH0736,2010-11-29,0.35672142965634523,0.5977126253416362,0.6434048361382042,846,644,job_site_count=4 (z=6.00); external_attachment_email_count=1 (z=1.52); external_email_count=4 (z=1.05)
ANM0123,2010-02-05,0.8566636555995025,0.5976723178601181,0.8566636555995025,847,460,usb_file_count=6 (z=1.96); after_hours_http_count=1 (z=3.11); file_count=6 (z=1.96)
PGH0184,2010-04-26,0.5448040160123052,0.5976340452861398,0.7036659408538273,848,594,job_site_count=1 (z=3.74); external_attachment_email_count=1 (z=3.00); external_email_size=16731 (z=1.29)
IMG0320,2010-06-10,0.13619071704178626,0.5975696333375123,0.5077135054951619,849,844,job_site_count=2 (z=8.64); http_domain_count=10 (z=0.91); external_email_size=39899 (z=0.54)
ABN0239,2010-06-10,0.49104678836849586,0.5964478446552276,0.6219248252705895,850,664,job_site_count=3 (z=4.37); external_attachment_email_count=2 (z=2.73); external_email_count=4 (z=1.65)
BVN0514,2010-02-19,0.8546040997594608,0.5962354184368331,0.8546040997594608,851,461,external_attachment_email_count=1 (z=6.71); external_email_count=2 (z=2.45); external_email_size=85377 (z=1.47)
YJV0699,2010-12-06,0.1507152284015024,0.5935222523731412,0.521195851168144,852,832,leak_site_count=1 (z=6.00); http_domain_count=2 (z=2.34); logon_pc_count=1 (z=0.71)
XLB0710,2010-02-01,0.8474341649025258,0.5912331383040877,0.8474341649025258,853,467,external_email_count=1 (z=6.00); external_email_size=47947 (z=6.00); logon_pc_count=1 (z=0.63)
AHG0634,2010-03-09,0.39856438382982873,0.5911591519239796,0.838081077352114,854,474,job_site_count=1 (z=5.39); after_hours_email_count=2 (z=2.71); external_email_count=3 (z=2.03)
NAR0981,2010-07-20,0.26284510070723316,0.5901554171406685,0.4916021281946385,855,857,leak_site_count=3 (z=5.00); external_email_count=4 (z=1.27); external_email_size=126685 (z=0.92)
HJA0018,2010-03-04,0.35467013200653463,0.5901071950325304,0.7167760289040898,856,584,leak_site_count=3 (z=4.21); external_attachment_email_count=2 (z=1.52); external_email_count=3 (z=1.19)
CMM0487,2010-05-21,0.20516076429158167,0.5897136581027668,0.26601558293327826,857,996,job_site_count=2 (z=7.68); external_email_count=6 (z=1.16); external_email_size=152656 (z=0.78)
QCH0110,2010-12-09,0.34334601727690756,0.5883809422862146,0.42752501434970286,858,898,job_site_count=2 (z=6.00); external_email_count=2 (z=2.43); external_email_size=50253 (z=1.62)
RGH0728,2010-12-17,0.3930815280690374,0.5873339037187763,0.4945108341564309,859,855,job_site_count=1 (z=5.39); external_attachment_email_count=2 (z=1.65); external_email_count=10 (z=1.82)
MAD0753,2010-03-24,0.33833076492114994,0.5848819290147558,0.45764290013912823,860,883,job_site_count=3 (z=6.00); external_attachment_email_count=2 (z=1.46); external_email_count=6 (z=1.31)
HDL0748,2010-12-01,0.1979669392213325,0.5846947103793372,0.28692078069854104,861,977,job_site_count=1 (z=7.68); external_email_size=155161 (z=0.86); external_email_count=4 (z=0.81)
CJH0702,2010-12-22,0.33632915968855753,0.5834854602478309,0.605530368208416,862,683,job_site_count=1 (z=6.00); external_email_count=1 (z=1.73); external_email_size=26648 (z=1.73)
AMH0794,2011-02-02,0.5268986401174721,0.580854444298363,0.692323580917772,863,606,job_site_count=3 (z=3.67); external_attachment_email_count=1 (z=2.17); external_email_count=4 (z=2.44)
QPM0727,2010-02-22,0.23142339486112193,0.5806909870969048,0.2963014877001899,864,969,job_site_count=4 (z=7.21); external_email_count=7 (z=1.53); external_email_size=255325 (z=0.90)
JRH0455,2010-02-01,0.8315518860734489,0.5801524786558946,0.8315518860734489,865,481,external_attachment_email_count=1 (z=6.00); external_email_count=1 (z=2.14); external_email_size=26819 (z=2.12)
IHK0841,2011-03-08,0.8308960575503758,0.5796949238723552,0.8308960575503758,866,482,after_hours_email_count=1 (z=7.68); external_email_size=30545 (z=2.56); external_email_count=1 (z=2.55)
JCR0770,2010-07-07,0.8248781246561138,0.5754963660391491,0.8248781246561138,867,491,external_attachment_email_count=2 (z=4.95); external_email_count=3 (z=3.17); external_email_size=66179 (z=1.50)
AGB0186,2010-01-28,0.12369818859892079,0.5746731548364563,0.48210970675184717,868,865,leak_site_count=1 (z=6.00); http_domain_count=3 (z=1.93); logon_pc_count=1 (z=0.58)
EGD0409,2010-05-10,0.28983068626620007,0.574494095248454,0.4720456446661006,869,873,leak_site_count=2 (z=4.57); external_attachment_email_count=1 (z=0.99); external_email_count=3 (z=0.97)
CKB0482,2010-05-18,0.1226760252727097,0.5739600176321229,0.28519782924449016,870,980,leak_site_count=1 (z=6.00); external_email_size=61128 (z=0.60); logon_pc_count=1 (z=0.68)
DDA0476,2010-08-02,0.18248523827446017,0.5738935236722169,0.5261443086520577,871,828,job_site_count=1 (z=7.68); external_email_size=97658 (z=0.75); http_domain_count=9 (z=1.04)
CJG0470,2011-02-23,0.8211458060254943,0.5728924228084844,0.8211458060254943,872,493,external_email_size=23870 (z=5.42); external_email_count=1 (z=5.39); http_domain_count=1 (z=1.20)
PIS0522,2011-04-19,0.8198046484588658,0.5719567314829297,0.8198046484588658,873,494,external_attachment_email_count=2 (z=4.57); external_email_count=3 (z=3.23); external_email_size=81947 (z=1.87)
SAP0867,2010-07-02,0.1780027943663038,0.5707662372246659,0.2622604547439951,874,999,job_site_count=2 (z=7.68); external_email_size=132673 (z=0.79); external_email_count=4 (z=0.69)
KSP0357,2010-12-02,0.7086900801546712,0.5696835263064962,0.7086900801546712,875,589,external_attachment_email_count=2 (z=2.61); external_email_count=6 (z=2.46); after_hours_logon_count=4 (z=1.43)
AMM0014,2010-01-29,0.15395832803293127,0.5657909118181692,0.2637908231803269,876,998,job_site_count=2 (z=7.88); external_email_count=5 (z=0.92); external_email_size=151996 (z=0.75)
AJR0319,2010-07-24,0.8094800093942426,0.5647534949262158,0.8094800093942426,877,499,after_hours_logon_count=2 (z=3.18); after_hours_http_count=7 (z=2.95); after_hours_email_count=7 (z=2.75)
COM0321,2011-03-01,0.168234930626422,0.5639514485689345,0.3091964126329356,878,955,job_site_count=1 (z=7.68); http_domain_count=14 (z=1.33); external_email_size=44403 (z=0.66)
TLK0993,2010-12-02,0.37908922080880175,0.5635661711992141,0.5845266500919953,879,722,job_site_count=4 (z=5.14); after_hours_email_count=4 (z=2.26); after_hours_http_count=3 (z=1.93)
HAH0248,2011-03-17,0.6400092713405042,0.56144001463402,0.6400092713405042,880,653,external_attachment_email_count=3 (z=3.64); job_site_count=2 (z=1.98); external_email_count=7 (z=2.42)
CNE0352,2011-05-06,0.4703828982509684,0.5601653744302393,0.5428263258844064,881,799,job_site_count=5 (z=3.99); external_attachment_email_count=2 (z=2.87); external_email_count=6 (z=1.26)
GCR0554,2010-12-14,0.6245088567510456,0.560103299329064,0.6426364505537178,882,645,external_attachment_email_count=3 (z=4.06); job_site_count=3 (z=2.14); external_email_count=4 (z=1.92)
FQA0854,2011-02-01,0.2895587672399238,0.555897073248664,0.5380816065750771,883,813,job_site_count=2 (z=6.09); external_attachment_email_count=2 (z=1.32); external_email_size=97690 (z=0.80)
ANT0430,2011-02-17,0.3826278849620787,0.5547331175551627,0.6271967822271071,884,660,job_site_count=2 (z=4.95); external_email_count=6 (z=2.44); external_attachment_email_count=1 (z=0.98)
TRK0914,2010-11-19,0.7941245611711292,0.5540403915147413,0.7941245611711292,885,509,after_hours_http_count=3 (z=4.61); after_hours_email_count=2 (z=3.34); external_email_count=4 (z=1.81)
VEB0935,2011-04-28,0.15187667689961126,0.5525387134106945,0.33841783015189364,886,929,job_site_count=1 (z=7.68); http_domain_count=7 (z=1.30); external_email_size=22390 (z=0.67)
TVS0006,2011-01-25,0.29196765768362404,0.5525355751281098,0.4438591423939396,887,891,job_site_count=1 (z=6.00); external_attachment_email_count=4 (z=1.16); external_email_count=7 (z=0.92)
NMC0486,2010-03-23,0.29113660799253366,0.5519557730180468,0.30362818221769466,888,959,job_site_count=1 (z=6.00); external_email_count=11 (z=2.31); external_email_size=335155 (z=1.09)
MAD0496,2010-03-21,0.7890015329500223,0.5504661857790853,0.7890015329500223,889,514,after_hours_logon_count=1 (z=2.11); after_hours_http_count=12 (z=2.71); after_hours_email_count=10 (z=2.54)
JCC0225,2010-01-26,0.2881382267654507,0.5498638791386866,0.4227139644752618,890,900,job_site_count=2 (z=6.00); after_hours_logon_count=4 (z=1.46); logon_pc_count=6 (z=1.13)
AKF0709,2011-04-14,0.14798741824175896,0.5498252771377741,0.5744072403324564,891,732,job_site_count=1 (z=7.68); http_domain_count=2 (z=2.42); logon_pc_count=1 (z=0.63)
GCS0518,2011-04-21,0.28803630192170004,0.5497927687825814,0.4426374751585593,892,892,job_site_count=1 (z=6.00); external_email_count=2 (z=2.07); external_email_size=49288 (z=1.38)
SDO0170,2010-06-21,0.2865035924044808,0.5487234365612657,0.4988574441330805,893,851,job_site_count=4 (z=6.00); external_email_count=8 (z=1.60); external_email_size=229419 (z=0.90)
DMG0358,2011-03-16,0.6103030365483478,0.5469392366806484,0.6103030365483478,894,680,external_attachment_email_count=5 (z=2.34); job_site_count=2 (z=2.08); external_email_count=7 (z=1.72)
KAC0124,2011-01-28,0.2832005735671047,0.5464190048142591,0.7030598427559162,895,596,job_site_count=1 (z=6.00); external_email_count=5 (z=1.59); external_email_size=178483 (z=1.00)
NSS0876,2010-09-30,0.23663795927196837,0.5463904528888143,0.31350071519965067,896,949,job_site_count=3 (z=6.56); external_email_count=5 (z=1.34); external_email_size=168005 (z=0.91)
LQP0508,2010-05-27,0.7827491204335035,0.5461040375117466,0.7827491204335035,897,521,external_attachment_email_count=2 (z=4.95); external_email_count=3 (z=2.55); external_email_size=95093 (z=1.49)
CAM0102,2011-02-03,0.2630949564132179,0.5405100110061519,0.35308621622802994,898,921,leak_site_count=2 (z=4.39); external_email_count=4 (z=1.53); external_email_size=92001 (z=0.89)
KDT0346,2011-03-28,0.511744386555706,0.5401044469808619,0.7341426152066785,899,568,job_site_count=1 (z=3.15); external_attachment_email_count=1 (z=2.05); external_email_count=2 (z=1.96)
NWK0215,2011-03-27,0.7732047858338561,0.5394451994189694,0.7732047858338561,900,529,after_hours_logon_count=3 (z=2.90); after_hours_email_count=9 (z=2.70); external_attachment_email_count=2 (z=1.29)
ASG0048,2010-10-12,0.4744537098528325,0.5388017133585324,0.5614665927654238,901,758,job_site_count=4 (z=3.57); external_attachment_email_count=5 (z=2.46); external_email_count=7 (z=1.65)
HKI0171,2010-04-06,0.26232673157921516,0.5368979786016587,0.430109282354995,902,896,job_site_count=2 (z=6.09); external_attachment_email_count=2 (z=0.82); external_email_size=134831 (z=0.82)
DGN0480,2010-03-12,0.12905316844463793,0.5366153354188526,0.5587396374462791,903,766,job_site_count=1 (z=7.68); external_email_size=54543 (z=0.62); http_domain_count=8 (z=0.75)
WAB0143,2010-06-07,0.2676397181215527,0.5355625940382926,0.3115041008634157,904,952,job_site_count=1 (z=6.00); external_email_count=3 (z=1.28); http_domain_count=8 (z=1.59)
JCV0245,2010-04-05,0.5759401385265642,0.5339931773151047,0.697126657666948,905,602,external_attachment_email_count=2 (z=4.02); job_site_count=2 (z=2.27); external_email_count=3 (z=1.22)
ASS0517,2010-12-02,0.765046641860201,0.5337534710652565,0.765046641860201,906,535,external_attachment_email_count=2 (z=4.72); external_email_count=2 (z=2.39); external_email_size=68261 (z=1.73)
RZC0746,2010-05-15,0.7577027846924652,0.5286298497854408,0.7577027846924652,907,545,external_attachment_email_count=3 (z=1.98); after_hours_logon_count=2 (z=1.90); after_hours_http_count=13 (z=2.40)
CUD0795,2010-01-18,0.5894937001007724,0.5282442020982643,0.5894937001007724,908,708,external_attachment_email_count=3 (z=3.79); job_site_count=2 (z=2.01); external_email_count=4 (z=1.95)
GTD0898,2010-10-06,0.25620414889581605,0.5275842899273135,0.38692627226131454,909,914,job_site_count=1 (z=6.00); external_email_size=24485 (z=1.19); http_domain_count=3 (z=1.65)
GBM0603,2010-03-05,0.10894051739837966,0.5266198967581895,0.5233099873601744,910,830,job_site_count=3 (z=7.75); external_email_size=35410 (z=0.50); logon_pc_count=1 (z=0.60)
CAC0889,2010-01-18,0.7547347462539333,0.5265591252934418,0.7547347462539333,911,549,external_attachment_email_count=1 (z=6.00); external_email_count=2 (z=1.39); external_email_size=82056 (z=1.30)
TSM0363,2010-09-27,0.7025247109543084,0.525310417382463,0.7342708165272782,912,566,external_attachment_email_count=2 (z=2.66); after_hours_logon_count=5 (z=1.88); external_email_count=6 (z=2.30)
KMS0657,2011-02-25,0.7520166632446706,0.5246627883102354,0.7520166632446706,913,551,after_hours_email_count=3 (z=5.49); external_email_count=3 (z=2.71); external_email_size=98580 (z=1.62)
SES0477,2010-09-13,0.351397801082676,0.5241272182199619,0.592465578990763,914,704,job_site_count=1 (z=4.80); external_attachment_email_count=2 (z=1.42); external_email_count=4 (z=1.20)
DDM0579,2010-09-15,0.11062216783676733,0.5237564977854545,0.5600329413441076,915,764,job_site_count=1 (z=7.68); http_domain_count=1 (z=1.43); logon_pc_count=1 (z=0.68)
CNM0800,2010-09-23,0.6740713047311607,0.5234894167377068,0.6740713047311607,916,619,external_attachment_email_count=3 (z=3.84); external_email_count=5 (z=2.62); external_email_size=186677 (z=1.37)
MFV0897,2010-09-14,0.2990536791126721,0.5217330788654981,0.39823907687460625,917,912,job_site_count=1 (z=5.39); external_email_count=2 (z=2.07); external_email_size=52898 (z=1.41)
ETR0177,2011-02-11,0.2128541506098869,0.5207895354882354,0.3473297485932196,918,922,leak_site_count=2 (z=4.57); external_email_count=3 (z=1.12); external_email_size=121481 (z=0.97)
MVH0373,2010-03-16,0.619167041442252,0.5194933925663052,0.619167041442252,919,668,external_attachment_email_count=2 (z=2.76); job_site_count=1 (z=1.51); after_hours_logon_count=4 (z=1.44)
ADC0391,2010-07-13,0.45636487462097075,0.5170922313659895,0.655267718294363,920,630,job_site_count=2 (z=3.42); external_attachment_email_count=2 (z=1.97); external_email_count=6 (z=2.13)
RCC0617,2010-05-18,0.24066743365490897,0.5167447211545876,0.28338928940617975,921,984,job_site_count=1 (z=6.00); external_email_count=6 (z=1.38); external_email_size=182982 (z=0.87)
DID0650,2010-12-20,0.09927039413090238,0.5158366556650835,0.6816413960045837,922,613,job_site_count=1 (z=7.68); http_domain_count=2 (z=1.11); logon_pc_count=1 (z=0.71)
RAH0440,2010-03-24,0.23916607637507506,0.5156972625872618,0.31231582788031526,923,951,job_site_count=3 (z=6.00); external_email_count=4 (z=1.23); external_email_size=110516 (z=0.87)
KRV0372,2010-12-22,0.3977890282663669,0.5156147095973197,0.5926521021969264,924,703,job_site_count=3 (z=4.10); after_hours_logon_count=4 (z=1.51); external_email_count=4 (z=1.04)
ACC0042,2010-04-22,0.2364240116004103,0.5137841941398211,0.6109870676660554,925,679,job_site_count=1 (z=6.00); external_email_count=4 (z=1.50); external_email_size=111751 (z=0.95)
LDD0560,2010-02-14,0.7349585840304537,0.5127618028119445,0.7349585840304537,926,564,after_hours_logon_count=3 (z=3.66); after_hours_email_count=6 (z=2.80); after_hours_http_count=3 (z=1.96)
FPC0954,2011-01-25,0.7290924917824108,0.5086691803133099,0.7290924917824108,927,570,external_email_size=68495 (z=4.66); external_email_count=1 (z=4.36); http_domain_count=1 (z=1.70)
RCP0785,2010-04-14,0.22886603065867764,0.5085111841804728,0.3761178105820792,928,916,job_site_count=1 (z=6.00); http_domain_count=3 (z=1.71); external_email_size=42057 (z=1.00)
DGF0443,2011-01-25,0.2799442327228762,0.5084009069656406,0.3549881558558495,929,920,job_site_count=1 (z=5.39); external_email_count=5 (z=1.91); external_email_size=175242 (z=1.10)
TLM0797,2011-01-13,0.5505907345385332,0.5035620149630926,0.5505907345385332,930,782,external_attachment_email_count=4 (z=2.80); job_site_count=1 (z=2.05); external_email_count=5 (z=1.79)
CQH0730,2010-06-21,0.7215320594426525,0.5033944600762692,0.7215320594426525,931,576,external_attachment_email_count=2 (z=4.95); external_email_count=10 (z=2.43); external_email_size=328150 (z=1.05)
HKR0628,2011-01-03,0.37271831133176,0.4956100264944088,0.5028415717477827,932,847,job_site_count=5 (z=4.05); external_attachment_email_count=3 (z=1.49); logon_pc_count=2 (z=1.31)
MAW0166,2010-07-07,0.25691291682592104,0.49392585690414464,0.304863837734404,933,957,leak_site_count=3 (z=3.87); external_email_count=5 (z=1.59); external_email_size=119138 (z=1.01)
DLF0377,2010-10-22,0.5673692330367399,0.48990779355363884,0.6790617393315768,934,615,external_attachment_email_count=2 (z=2.76); external_email_count=5 (z=2.27); job_site_count=2 (z=1.62)
SAK0375,2010-05-06,0.5601399116866278,0.48981608037609453,0.5718444056333256,935,742,external_attachment_email_count=3 (z=2.18); job_site_count=1 (z=1.70); external_email_count=6 (z=1.82)
RFP0380,2011-05-02,0.4206747190460041,0.48980421611406727,0.6463109238297249,936,643,job_site_count=3 (z=3.38); external_email_count=4 (z=2.03); external_attachment_email_count=1 (z=1.40)
OCB0805,2010-10-13,0.5630880226775039,0.48773424233895707,0.6360413606404951,937,655,external_attachment_email_count=2 (z=3.76); job_site_count=1 (z=1.63); external_email_count=4 (z=1.33)
AMD0077,2010-04-29,0.45899747698448595,0.48712377156522074,0.5609240899978707,938,762,job_site_count=2 (z=2.87); external_attachment_email_count=3 (z=2.22); external_email_count=9 (z=1.83)
ELH0960,2010-05-05,0.6944138281302944,0.4844747638118333,0.6944138281302944,939,604,external_email_count=1 (z=4.36); external_email_size=23097 (z=4.30); http_domain_count=1 (z=1.59)
PTH0552,2010-05-20,0.5893260727962215,0.47990917882036516,0.6024220453462096,940,688,external_attachment_email_count=5 (z=3.98); external_email_count=5 (z=1.79); job_site_count=1 (z=1.18)
ONW0083,2010-03-01,0.6815040888583321,0.4754679689709294,0.6815040888583321,941,614,external_attachment_email_count=3 (z=4.59); external_email_count=5 (z=2.23); external_email_size=153185 (z=1.25)
DGW0752,2010-06-24,0.17993772276609618,0.4743751554182067,0.47018943268592334,942,875,job_site_count=1 (z=6.00); external_email_count=5 (z=0.71); external_email_size=160659 (z=0.70)
CAB0388,2010-03-09,0.4098339380751221,0.47172711008635865,0.6677446945947262,943,621,job_site_count=2 (z=3.20); external_attachment_email_count=2 (z=1.85); external_email_count=3 (z=1.45)
DTP0379,2011-03-17,0.37684482212910814,0.4702511526008449,0.5891044825649772,944,710,job_site_count=3 (z=3.57); external_attachment_email_count=2 (z=1.64); logon_pc_count=2 (z=1.62)
PKB0281,2010-08-03,0.2667681836053036,0.47020748052144357,0.3410614636154637,945,926,job_site_count=8 (z=4.89); external_email_size=61198 (z=1.16); http_domain_count=11 (z=1.77)
OHC0973,2010-01-20,0.6578526590119291,0.4589669714036715,0.6578526590119291,946,628,external_email_size=65932 (z=4.47); external_email_count=1 (z=3.87); http_domain_count=1 (z=1.39)
DVM0265,2010-08-16,0.6541849604681338,0.456408111954512,0.6541849604681338,947,632,external_attachment_email_count=3 (z=3.62); external_email_count=5 (z=2.10); logon_pc_count=2 (z=1.63)
LOF0311,2011-04-21,0.15407349129639772,0.4563303427649286,0.5412172188489149,948,803,job_site_count=1 (z=6.00); external_email_size=39032 (z=0.66); http_domain_count=9 (z=0.91)
JRS0362,2010-05-10,0.46728612163410593,0.4562509337652197,0.4868992476266966,949,863,job_site_count=2 (z=2.24); external_email_count=7 (z=2.49); after_hours_logon_count=4 (z=1.46)
MBG0438,2010-10-08,0.6500971928129238,0.4535561810322724,0.6500971928129238,950,634,external_attachment_email_count=3 (z=4.25); external_email_count=5 (z=2.05); external_email_size=128490 (z=1.09)
MCF0327,2011-02-21,0.23805027866202058,0.45209028456068495,0.2938903359525776,951,971,job_site_count=3 (z=4.92); external_email_count=6 (z=1.42); external_email_size=201458 (z=0.93)
KJS0618,2010-06-30,0.646989397503115,0.4513879517463594,0.646989397503115,952,640,external_attachment_email_count=4 (z=4.10); external_email_count=11 (z=2.45); external_email_size=353716 (z=1.14)
PLH0862,2010-12-29,0.291092354551189,0.44872035569803775,0.2922224488728386,953,973,job_site_count=7 (z=4.22); external_email_count=10 (z=1.79); external_email_size=284243 (z=1.02)
RKF0164,2010-01-29,0.14197261054528235,0.44788786782229,0.47473861577227855,954,870,job_site_count=1 (z=6.00); external_email_count=4 (z=0.83); external_email_size=111760 (z=0.66)
HGH0595,2010-08-17,0.6417816752736378,0.44775465716765434,0.6417816752736378,955,646,external_email_size=27315 (z=4.50); external_email_count=1 (z=4.36); logon_pc_count=1 (z=0.68)
DAR0885,2010-02-06,0.30185856661443605,0.44676290707507055,0.5143259331548014,956,838,job_site_count=1 (z=4.06); after_hours_http_count=2 (z=2.26); after_hours_logon_count=1 (z=0.84)
CFW0264,2010-01-25,0.14029128939578703,0.4467148530668282,0.2837898727955455,957,982,job_site_count=1 (z=6.00); external_email_size=40692 (z=0.60); logon_pc_count=1 (z=0.63)
ZMC0284,2010-12-15,0.6401295309061525,0.44660199830661806,0.6401295309061525,958,651,external_attachment_email_count=2 (z=4.02); external_email_count=3 (z=1.62); external_email_size=105550 (z=1.23)
BJH0354,2010-07-19,0.23436870849942174,0.444846882141937,0.3455465989187239,959,924,leak_site_count=4 (z=3.46); external_email_count=3 (z=1.05); external_email_size=107753 (z=1.00)
MTT0901,2010-01-25,0.6360295029166873,0.4437415136628051,0.6360295029166873,960,656,external_attachment_email_count=2 (z=3.16); external_email_count=3 (z=2.70); external_email_size=106444 (z=1.50)
ANP0555,2011-01-17,0.31489308714233566,0.4409537280400434,0.3269427100134629,961,939,job_site_count=2 (z=3.81); external_email_count=8 (z=2.23); external_email_size=241537 (z=1.14)
BSH0445,2010-06-22,0.12227135228414444,0.4341428039191706,0.5755111197187263,962,729,job_site_count=1 (z=6.00); external_email_size=24375 (z=0.65); logon_pc_count=1 (z=0.68)
WBC0315,2011-02-18,0.12049968494606973,0.43290675693911845,0.5898467909511919,963,707,job_site_count=1 (z=6.00); external_email_size=39779 (z=0.61); logon_pc_count=1 (z=0.68)
CGA0629,2010-04-14,0.12025241571860805,0.4327342435246103,0.2953803400071965,964,970,job_site_count=1 (z=6.00); external_email_size=32876 (z=0.56); logon_pc_count=1 (z=0.68)
BMC0547,2010-06-07,0.29593954634229835,0.4311838716254392,0.30162276378016945,965,963,job_site_count=3 (z=3.87); external_email_count=6 (z=1.81); external_email_size=194130 (z=1.16)
GOK0238,2010-04-01,0.1563841915859879,0.4221962271026954,0.31278900211188715,966,950,job_site_count=1 (z=5.39); external_email_size=35881 (z=0.77); external_email_count=2 (z=0.67)
KQC0708,2010-10-28,0.10397445154660634,0.42137752433484166,0.5514947877975055,967,780,job_site_count=1 (z=6.00); http_domain_count=1 (z=1.32); logon_pc_count=1 (z=0.65)
ELT0769,2010-08-10,0.10269512610507407,0.42048497170121446,0.4115495734613033,968,904,job_site_count=1 (z=6.00); http_domain_count=2 (z=1.24); logon_pc_count=1 (z=0.68)
BYP0070,2010-09-15,0.2653839732234728,0.4187968895846164,0.33554306863476785,969,930,job_site_count=2 (z=4.02); external_email_count=4 (z=1.70); external_email_size=119849 (z=1.17)
FLM0213,2010-03-31,0.5953415378853074,0.4153545613153308,0.5953415378853074,970,697,external_attachment_email_count=4 (z=4.01); external_email_count=7 (z=1.92); external_email_size=203322 (z=1.00)
IRT0491,2010-01-28,0.5948299554971545,0.41499764337010775,0.5948299554971545,971,698,external_attachment_email_count=4 (z=3.97); external_email_count=8 (z=1.83); external_email_size=220811 (z=1.00)
LPH0572,2010-01-27,0.5941781376158292,0.41454288670871803,0.5941781376158292,972,699,external_attachment_email_count=1 (z=3.24); external_email_size=51774 (z=1.85); external_email_count=1 (z=1.68)
JAD0609,2010-01-19,0.5926787137817499,0.4134967770570348,0.5926787137817499,973,702,external_attachment_email_count=5 (z=3.43); external_email_count=6 (z=1.81); external_email_size=219283 (z=1.04)
MCT0720,2010-09-14,0.5882212292667496,0.4103869041395927,0.5882212292667496,974,713,external_email_size=36236 (z=3.38); external_email_count=1 (z=3.32); http_domain_count=2 (z=2.18)
SEJ0677,2010-01-29,0.08635621054501934,0.40908572828722284,0.3144615468297485,975,946,job_site_count=1 (z=6.00); external_email_size=27508 (z=0.66); logon_pc_count=1 (z=0.56)
MMB0488,2010-07-08,0.572357192092038,0.3993189712270032,0.572357192092038,976,739,external_attachment_email_count=4 (z=3.51); external_email_count=8 (z=1.96); external_email_size=241796 (z=1.04)
DSB0731,2011-02-24,0.5644802104761126,0.393823402657753,0.5644802104761126,977,753,external_attachment_email_count=4 (z=3.40); external_email_count=11 (z=1.99); external_email_size=380074 (z=1.00)
AJP0723,2010-10-06,0.561432967928237,0.39169741948481657,0.561432967928237,978,759,external_email_size=46759 (z=3.15); external_email_count=1 (z=3.00); http_domain_count=2 (z=2.40)
CEB0210,2011-01-11,0.5575869197617792,0.3890141300663576,0.5575869197617792,979,768,external_attachment_email_count=4 (z=3.15); external_email_count=8 (z=1.68); external_email_size=301298 (z=1.01)
VCY0751,2010-05-17,0.5557858385520157,0.3877575617804761,0.5557858385520157,980,774,external_attachment_email_count=6 (z=2.64); external_email_count=10 (z=2.21); logon_pc_count=2 (z=1.94)
RBB0485,2011-03-22,0.21634893158559831,0.3843373840119441,0.3021170763124828,981,962,job_site_count=4 (z=4.01); external_email_count=5 (z=1.02); http_domain_count=11 (z=1.20)
LHL0309,2011-01-21,0.5494353993902025,0.3833270228303738,0.5494353993902025,982,785,external_attachment_email_count=4 (z=3.32); external_email_count=8 (z=1.75); external_email_size=259737 (z=1.02)
AAS0442,2010-02-24,0.5491037739319403,0.38309565623158626,0.5491037739319403,983,787,external_attachment_email_count=2 (z=2.94); external_email_count=2 (z=2.07); external_email_size=69747 (z=1.47)
MAH0149,2010-07-21,0.5385740361296054,0.37574932753228285,0.5385740361296054,984,811,external_attachment_email_count=4 (z=2.69); external_email_count=6 (z=2.12); external_email_size=199659 (z=1.06)
HCV0478,2010-06-07,0.5354951950009844,0.37360129883789617,0.5354951950009844,985,816,external_attachment_email_count=5 (z=2.99); external_email_count=7 (z=1.72); external_email_size=207124 (z=1.03)
MBW0809,2010-01-28,0.5331736677485268,0.37198162866176293,0.5331736677485268,986,820,external_attachment_email_count=2 (z=2.40); external_email_count=5 (z=1.83); external_email_size=158091 (z=1.02)
CSB0080,2010-12-29,0.22671146729192052,0.36966555014095204,0.28502489539224873,987,981,job_site_count=4 (z=3.64); external_email_count=3 (z=0.97); external_email_size=104541 (z=0.94)
CJC0494,2010-04-20,0.5278094008622009,0.36823911688060523,0.5278094008622009,988,826,external_attachment_email_count=4 (z=2.59); external_email_count=12 (z=2.38); external_email_size=305742 (z=1.06)
CTW0500,2010-04-20,0.5092394681425625,0.3552833498669041,0.5092394681425625,989,842,external_attachment_email_count=6 (z=3.03); external_email_count=8 (z=1.77); external_email_size=233244 (z=0.99)
TJG0582,2010-10-05,0.497656231512162,0.3472020219852293,0.497656231512162,990,852,external_email_count=1 (z=3.00); external_email_size=25118 (z=2.94); http_domain_count=1 (z=1.22)
MHG0244,2010-11-04,0.20856647139622897,0.3465558388983097,0.30222977989740973,991,961,job_site_count=3 (z=3.46); external_email_count=4 (z=1.30); external_email_size=110065 (z=0.91)
UJC0737,2011-01-25,0.4954098144343277,0.3456347542565077,0.4954098144343277,992,853,external_attachment_email_count=3 (z=2.71); external_email_count=7 (z=1.49); external_email_size=217227 (z=0.98)
CBG0490,2010-07-27,0.49471973441591716,0.34515330308087244,0.49471973441591716,993,854,external_attachment_email_count=3 (z=3.23); external_email_count=4 (z=1.06); external_email_size=94128 (z=0.82)
BMS0877,2010-06-21,0.47019774526506014,0.3280449385570187,0.47019774526506014,994,874,external_attachment_email_count=4 (z=2.32); external_email_count=10 (z=2.22); external_email_size=317165 (z=1.00)
SHR0334,2011-04-13,0.4064293668443788,0.2835553722170085,0.4064293668443788,995,906,external_email_count=3 (z=3.05); external_email_size=93963 (z=1.65); http_domain_count=2 (z=1.06)
PRM0740,2011-01-03,0.3471962045110632,0.24222991012399758,0.3471962045110632,996,923,external_email_count=8 (z=2.52); external_email_size=232114 (z=1.28); logon_pc_count=1 (z=0.79)
LCD0622,2011-01-31,0.3143691211986844,0.21932729385954725,0.3143691211986844,997,947,external_email_count=7 (z=2.05); external_email_size=246413 (z=1.18); http_domain_count=8 (z=1.06)
ASS0206,2011-01-13,0.3067948226716038,0.21404289953832825,0.3067948226716038,998,956,external_email_count=8 (z=1.81); external_email_size=284781 (z=1.12); http_domain_count=9 (z=1.31)
OLB0749,2010-02-11,0.2638683813184341,0.1840942195244889,0.2638683813184341,999,997,external_email_count=11 (z=1.90); external_email_size=282221 (z=0.88); http_domain_count=8 (z=0.81)
DGM0754,2010-02-01,0.2215485731078901,0.1545687719357373,0.2215485731078901,1000,1000,external_email_count=7 (z=1.32); external_email_size=189209 (z=0.75); http_domain_count=9 (z=0.86)
